state,year,pm25,coal,lngdp,income,binary_income,score,expenditure,pm25xbinary_income,coalxbinary_income,constant,state_code,score_hat,pm25_hat
Alabama,2001,2.7400837,17.335989,5.0553102,10.467665,0,6.3171649,8.1967125,0,0,1,Alabama,2.4903104,2.4903104
Alabama,2002,2.689055,17.328396,5.0778103,10.53476,0,6.3261495,8.2139235,0,0,1,Alabama,2.4247043,2.4247043
Alabama,2003,2.6929207,17.387863,5.1067615,10.525676,0,6.3135481,8.2459097,0,0,1,Alabama,2.4200978,2.4200978
Alabama,2004,2.6894023,17.373241,5.1740289,10.508623,0,6.3153582,8.2824831,0,0,1,Alabama,2.3998957,2.3998957
Alabama,2005,2.7584941,17.426344,5.2169418,10.522719,0,6.3261495,8.3402176,0,0,1,Alabama,2.4746346,2.4746346
Alabama,2006,2.7229426,17.430946,5.2325559,10.544024,0,6.329721,8.4102755,0,0,1,Alabama,2.4177711,2.4177711
Alabama,2007,2.7479594,17.432705,5.2417603,10.650413,0,6.3207684,8.5002508,0,0,1,Alabama,2.4454627,2.4454627
Alabama,2008,2.5574942,17.394722,5.2308235,10.702795,0,6.3225651,8.5934134,0,0,1,Alabama,2.3739552,2.3739552
Alabama,2009,2.370043,17.132729,5.196878,10.596134,0,6.3135481,8.5615931,0,0,1,Alabama,2.2487192,2.2487192
Alabama,2010,2.4759872,17.249012,5.2187457,10.619618,0,6.3099184,8.558527,0,0,1,Alabama,2.2645493,2.2645493
Alabama,2011,2.4513938,17.15309,5.2343431,10.659375,0,6.2934194,8.5352297,0,0,1,Alabama,2.2535408,2.2535408
Alabama,2012,2.318363,16.951895,5.2430453,10.679596,0,6.2747622,8.5103703,0,0,1,Alabama,2.193464,2.193464
Alabama,2013,2.2626712,17.010103,5.2542076,10.764688,0,6.280396,8.5249634,0,0,1,Alabama,2.1589878,2.1589878
Alabama,2014,2.31178,16.989443,5.2464256,10.652069,0,6.2878585,8.5506277,0,0,1,Alabama,2.1325431,2.1325431
Alabama,2015,2.2761178,16.861244,5.2540269,10.703469,0,6.2878585,8.5569906,0,0,1,Alabama,2.1012299,2.1012299
Alaska,2001,1.7475042,13.150976,3.7125642,10.957103,1,6.2344108,8.5754623,1.7475042,13.150976,1,Alaska,1.3915688,1.3915688
Alaska,2002,1.6446468,13.239296,3.7607117,10.873698,1,6.251904,8.6335526,1.6446468,13.239296,1,Alaska,1.3833777,1.3833777
Alaska,2003,1.4616323,12.741235,3.7460935,10.855917,1,6.2499752,8.6552143,1.4616323,12.741235,1,Alaska,1.2764186,1.2764186
Alaska,2004,2.0190067,12.881639,3.7854388,10.916179,1,6.2422233,8.6706009,2.0190067,12.881639,1,Alaska,1.2513731,1.2513731
Alaska,2005,1.5102781,12.895245,3.8211591,10.931141,1,6.251904,8.7422552,1.5102781,12.895245,1,Alaska,1.3216289,1.3216289
Alaska,2006,1.8502345,12.919032,3.8956945,10.940579,1,6.2480431,8.7890511,1.8502345,12.919032,1,Alaska,1.2850636,1.2850636
Alaska,2007,1.8306929,12.933969,3.945864,11.050732,1,6.2480431,8.8566608,1.8306929,12.933969,1,Alaska,1.3232905,1.3232905
Alaska,2008,1.8894228,12.965073,3.9367566,11.066483,1,6.253829,9.0511103,1.8894228,12.965073,1,Alaska,1.2993912,1.2993912
Alaska,2009,2.1386898,12.986656,4.0291853,11.028418,1,6.2461066,9.0594015,2.1386898,12.986656,1,Alaska,1.2693275,1.2693275
Alaska,2010,1.9577,12.923492,4.0000615,10.965609,1,6.2441669,9.0798903,1.9577,12.923492,1,Alaska,1.2573612,1.2573612
Alaska,2011,1.8213904,12.922362,4.0124168,10.958323,1,6.2363696,9.1296721,1.8213904,12.922362,1,Alaska,1.2883981,1.2883981
Alaska,2012,1.9113497,12.965071,4.065321,11.061154,1,6.2285109,9.1741953,1.9113497,12.965071,1,Alaska,1.2926083,1.2926083
Alaska,2013,2.1289659,12.898284,4.0137544,11.190928,1,6.2245584,9.2217751,2.1289659,12.898284,1,Alaska,1.2191664,1.2191664
Alaska,2014,2.304913,13.391994,3.9924631,11.121807,1,6.2205901,9.2416449,2.304913,13.391994,1,Alaska,1.2565275,1.2565275
Alaska,2015,2.3390126,13.502158,4.0026093,11.226709,1,6.2205901,9.3372374,2.3390126,13.502158,1,Alaska,1.2824613,1.2824613
Arizona,2001,2.0091982,16.81909,5.362072,10.661954,1,6.2633982,8.0478296,2.0091982,16.81909,1,Arizona,2.4607639,2.4607639
Arizona,2002,1.9882469,16.777063,5.3967896,10.589862,0,6.2595816,8.1599464,0,0,1,Arizona,2.4432077,2.4432077
Arizona,2003,1.8918769,16.779652,5.4556026,10.625465,0,6.2633982,8.2335033,0,0,1,Arizona,2.4487903,2.4487903
Arizona,2004,1.7515389,16.814234,5.4984679,10.68853,0,6.2614918,8.1875772,0,0,1,Arizona,2.3897972,2.3897972
Arizona,2005,1.9344356,16.827759,5.5695882,10.719958,0,6.2728772,8.2591991,0,0,1,Arizona,2.471694,2.471694
Arizona,2006,1.9856191,16.836245,5.6137824,10.750643,0,6.2690964,8.303257,0,0,1,Arizona,2.4172304,2.4172304
Arizona,2007,1.967757,16.869009,5.6463323,10.762573,0,6.2633982,8.4002094,0,0,1,Arizona,2.4736061,2.4736061
Arizona,2008,1.9182452,16.936003,5.6376786,10.755986,0,6.2576675,8.3822899,0,0,1,Arizona,2.3918993,2.3918993
Arizona,2009,1.8411276,16.84864,5.5510139,10.730728,0,6.2557502,8.4142742,0,0,1,Arizona,2.2810264,2.2810264
Arizona,2010,1.7878392,16.954653,5.561862,10.755773,0,6.2633982,8.3929892,0,0,1,Arizona,2.2850997,2.2850997
Arizona,2011,2.0389214,16.960386,5.583878,10.79179,0,6.2595816,8.3440294,0,0,1,Arizona,2.2842667,2.2842667
Arizona,2012,2.0209777,16.881739,5.6037412,10.758754,0,6.2633982,8.302762,0,0,1,Arizona,2.2489042,2.2489042
Arizona,2013,1.9476376,16.963871,5.6112356,10.870662,0,6.2690964,8.3140974,0,0,1,Arizona,2.2119305,2.2119305
Arizona,2014,1.9736577,16.947128,5.6238332,10.804665,0,6.2633982,8.303257,0,0,1,Arizona,2.1763773,2.1763773
Arizona,2015,1.8439547,16.801817,5.6439509,10.863795,0,6.2672005,8.3111525,0,0,1,Arizona,2.1468556,2.1468556
Arkansas,2001,2.5847182,16.530867,4.4974623,10.414514,0,6.3099184,8.1315308,0,0,1,Arkansas,2.1381922,2.1381922
Arkansas,2002,2.4696534,16.466286,4.5320673,10.385605,0,6.3207684,8.2602339,0,0,1,Arkansas,2.1165912,2.1165912
Arkansas,2003,2.4791787,16.476456,4.5741386,10.373491,0,6.3171649,8.2842522,0,0,1,Arkansas,2.1076903,2.1076903
Arkansas,2004,2.4459088,16.544559,4.6223578,10.462532,0,6.3189683,8.3313456,0,0,1,Arkansas,2.0813632,2.0813632
Arkansas,2005,2.652853,16.456791,4.6632504,10.509441,0,6.3135481,8.4467707,0,0,1,Arkansas,2.1478891,2.1478891
Arkansas,2006,2.4652143,16.497494,4.6863871,10.520293,0,6.3421216,8.4834299,0,0,1,Arkansas,2.0903366,2.0903366
Arkansas,2007,2.5110428,16.564653,4.6784773,10.616437,0,6.338594,8.5103703,0,0,1,Arkansas,2.1027644,2.1027644
Arkansas,2008,2.4034357,16.567797,4.6684875,10.586331,0,6.3403592,8.5301094,0,0,1,Arkansas,2.0259371,2.0259371
Arkansas,2009,2.3027303,16.523159,4.634696,10.506163,0,6.3491392,8.5448084,0,0,1,Arkansas,1.944169,1.944169
Arkansas,2010,2.430434,16.62114,4.6602454,10.560748,0,6.338594,8.5855989,0,0,1,Arkansas,1.9682239,1.9682239
Arkansas,2011,2.4214315,16.675724,4.6815062,10.628618,0,6.3456364,8.598773,0,0,1,Arkansas,1.9895083,1.9895083
Arkansas,2012,2.3080623,16.650059,4.6866775,10.57183,0,6.338594,8.5934134,0,0,1,Arkansas,1.9707105,1.9707105
Arkansas,2013,2.255635,16.74754,4.7072968,10.581014,0,6.3456364,8.5869055,0,0,1,Arkansas,1.9494355,1.9494355
Arkansas,2014,2.2235169,16.774632,4.7161255,10.712639,0,6.3473892,8.6081305,0,0,1,Arkansas,1.9023472,1.9023472
Arkansas,2015,2.1620433,16.366159,4.7216277,10.664293,0,6.3438807,8.6130486,0,0,1,Arkansas,1.8413622,1.8413622
Colorado,2001,2.0537097,16.799421,5.4594979,10.807706,1,6.2952662,8.2308435,2.0537097,16.799421,1,Colorado,2.5335789,2.5335789
Colorado,2002,1.9984426,16.783154,5.4613595,10.78498,1,6.3062754,8.2965469,1.9984426,16.783154,1,Colorado,2.4858339,2.4858339
Colorado,2003,1.9685001,16.790827,5.4713554,10.818578,1,6.3153582,8.3499575,1.9685001,16.790827,1,Colorado,2.4670088,2.4670088
Colorado,2004,1.9015814,16.773085,5.4837489,10.837421,1,6.3153582,8.3619423,1.9015814,16.773085,1,Colorado,2.4123068,2.4123068
Colorado,2005,1.9100938,16.760639,5.5276752,10.828738,1,6.3279366,8.3957033,1.9100938,16.760639,1,Colorado,2.4732378,2.4732378
Colorado,2006,1.9195219,16.796484,5.5507488,10.927735,1,6.3350544,8.4309816,1.9195219,16.796484,1,Colorado,2.4026318,2.4026318
Colorado,2007,1.9987624,16.787609,5.5868273,11.020922,1,6.3368258,8.4747028,1.9987624,16.787609,1,Colorado,2.4266009,2.4266009
Colorado,2008,1.8676932,16.757938,5.6020503,11.017645,1,6.3456364,8.5752735,1.8676932,16.757938,1,Colorado,2.3764033,2.3764033
Colorado,2009,1.802393,16.669176,5.5796027,10.931856,1,6.3543701,8.5293198,1.802393,16.669176,1,Colorado,2.2743046,2.2743046
Colorado,2010,1.7999471,16.758842,5.5904603,11.005926,1,6.3491392,8.5426664,1.7999471,16.758842,1,Colorado,2.280159,2.280159
Colorado,2011,1.7783483,16.746387,5.6047006,10.979002,1,6.3508859,8.5251617,1.7783483,16.746387,1,Colorado,2.2918673,2.2918673
Colorado,2012,1.8580093,16.770346,5.6233788,10.955358,1,6.3647509,8.5067387,1.8580093,16.770346,1,Colorado,2.2772267,2.2772267
Colorado,2013,1.7876353,16.750546,5.6568975,11.125938,1,6.3647509,8.5247641,1.7876353,16.750546,1,Colorado,2.2294314,2.2294314
Colorado,2014,1.8119889,16.699038,5.6992903,11.017645,1,6.3733196,8.5502415,1.8119889,16.699038,1,Colorado,2.2174163,2.2174163
Colorado,2015,1.7807848,16.679375,5.7443156,11.10646,1,6.3750248,8.565793,1.7807848,16.679375,1,Colorado,2.2148089,2.2148089
Connecticut,2001,2.6189291,14.29999,5.3851156,10.884629,1,6.2344108,8.7747765,2.6189291,14.29999,1,Connecticut,2.2909403,2.2909403
Connecticut,2002,2.5733771,14.226215,5.3784108,10.885379,1,6.2324481,8.8205519,2.5733771,14.226215,1,Connecticut,2.2218649,2.2218649
Connecticut,2003,2.5567002,14.534039,5.3899207,10.914543,1,6.2422233,8.8610668,2.5567002,14.534039,1,Connecticut,2.2450008,2.2450008
Connecticut,2004,2.4866445,14.572787,5.452867,10.916905,1,6.2441669,8.8931608,2.4866445,14.572787,1,Connecticut,2.2270555,2.2270555
Connecticut,2005,2.5514438,14.543148,5.474577,10.947995,1,6.2480431,8.9623919,2.5514438,14.543148,1,Connecticut,2.2824337,2.2824337
Connecticut,2006,2.4281056,14.624141,5.5143709,11.041321,1,6.2461066,9.021719,2.4281056,14.624141,1,Connecticut,2.2334001,2.2334001
Connecticut,2007,2.3992109,14.475928,5.5527773,11.068824,1,6.2383246,9.057189,2.3992109,14.475928,1,Connecticut,2.2437544,2.2437544
Connecticut,2008,2.3566508,14.613496,5.5520134,11.077208,1,6.2402759,9.1229286,2.3566508,14.613496,1,Connecticut,2.1997962,2.1997962
Connecticut,2009,2.1789463,13.994576,5.5008283,11.079832,1,6.2402759,9.1688929,2.1789463,13.994576,1,Connecticut,2.0241098,2.0241098
Connecticut,2010,2.1227019,14.127152,5.498621,11.09741,1,6.2422233,9.2066336,2.1227019,14.127152,1,Connecticut,2.0464761,2.0464761
Connecticut,2011,2.2333443,12.693031,5.4745469,11.088583,1,6.2402759,9.2391224,2.2333443,12.693031,1,Connecticut,1.8441517,1.8441517
Connecticut,2012,2.1698251,12.936099,5.4844313,11.070537,1,6.2383246,9.2741594,2.1698251,12.936099,1,Connecticut,1.8747149,1.8747149
Connecticut,2013,2.2290599,12.944594,5.464046,11.146056,1,6.2383246,9.3024635,2.2290599,12.944594,1,Connecticut,1.8260212,1.8260212
Connecticut,2014,2.1295433,13.121,5.462903,11.158534,1,6.2344108,9.3664894,2.1295433,13.121,1,Connecticut,1.8267291,1.8267291
Connecticut,2015,2.1104283,12.790303,5.4918528,11.196707,1,6.2265368,9.3948259,2.1104283,12.790303,1,Connecticut,1.7822101,1.7822101
Delaware,2001,2.7721465,14.207765,4.0668483,10.811746,1,6.212606,8.6030035,2.7721465,14.207765,1,Delaware,1.7164048,1.7164048
Delaware,2002,2.6984234,14.247955,4.0348511,10.812754,1,6.2146082,8.6515493,2.6984234,14.247955,1,Delaware,1.6552522,1.6552522
Delaware,2003,2.6512082,14.395927,4.0483007,10.799984,1,6.2166061,8.6936646,2.6512082,14.395927,1,Delaware,1.6614382,1.6614382
Delaware,2004,2.6351471,14.535635,4.0955091,10.779998,1,6.212606,8.7396965,2.6351471,14.535635,1,Delaware,1.6597552,1.6597552
Delaware,2005,2.6700089,14.607493,4.0832009,10.844275,1,6.2186003,8.7767839,2.6700089,14.607493,1,Delaware,1.7024305,1.7024305
Delaware,2006,2.5869746,14.598769,4.1046958,10.867425,1,6.2146082,8.8556633,2.5869746,14.598769,1,Delaware,1.6483915,1.6483915
Delaware,2007,2.6005042,14.71666,4.1022782,10.907606,1,6.2065759,8.8604994,2.6005042,14.71666,1,Delaware,1.6711764,1.6711764
Delaware,2008,2.5346892,14.687215,4.0716848,10.833681,1,6.2105999,8.8979559,2.5346892,14.687215,1,Delaware,1.5928435,1.5928435
Delaware,2009,2.3569262,14.117221,4.1193252,10.861113,1,6.2105999,8.9062576,2.3569262,14.117221,1,Delaware,1.448103,1.448103
Delaware,2010,2.3739386,14.022415,4.1039186,10.9189,1,6.2045579,8.9242573,2.3739386,14.022415,1,Delaware,1.419772,1.419772
Delaware,2011,2.3158734,13.482758,4.1418529,10.908888,1,6.1944056,8.9709406,2.3158734,13.482758,1,Delaware,1.3798602,1.3798602
Delaware,2012,2.2748926,13.432441,4.1328373,10.798964,0,6.1355648,9.0663548,0,0,1,Delaware,1.3904618,1.3904618
Delaware,2013,2.1737275,13.470558,4.0982671,10.898405,1,6.1246834,9.0451117,2.1737275,13.470558,1,Delaware,1.3219249,1.3219249
Delaware,2014,2.2093461,12.891976,4.1734653,10.959888,1,6.1290503,9.0434589,2.2093461,12.891976,1,Delaware,1.2127614,1.2127614
Delaware,2015,2.1855607,12.528953,4.2016058,10.964052,1,6.1333981,9.0567226,2.1855607,12.528953,1,Delaware,1.1629717,1.1629717
Florida,2001,2.3162844,17.172279,6.4932384,10.502873,0,6.212606,8.1886892,0,0,1,Florida,3.0224686,3.0224686
Florida,2002,2.240844,17.152664,6.536654,10.545868,0,6.212606,8.2063103,0,0,1,Florida,2.9666436,2.9666436
Florida,2003,2.2561958,17.159473,6.5825438,10.570547,0,6.2105999,8.2390652,0,0,1,Florida,2.9565122,2.9565122
Florida,2004,2.3688617,17.134914,6.6452737,10.610044,0,6.212606,8.2987881,0,0,1,Florida,2.9326634,2.9326634
Florida,2005,2.3705962,17.096542,6.7041149,10.668723,0,6.2105999,8.358901,0,0,1,Florida,2.9947336,2.9947336
Florida,2006,2.3255894,17.138914,6.7333589,10.729416,0,6.20859,8.4377174,0,0,1,Florida,2.9462831,2.9462831
Florida,2007,2.3106964,17.17679,6.7452936,10.731821,0,6.2065759,8.5385628,0,0,1,Florida,2.9978375,2.9978375
Florida,2008,2.1996167,17.15045,6.7045002,10.711302,0,6.20859,8.6075821,0,0,1,Florida,2.9186366,2.9186366
Florida,2009,2.1235461,16.971104,6.6451702,10.728321,0,6.2105999,8.5869055,0,0,1,Florida,2.7826056,2.7826056
Florida,2010,2.1615362,17.061905,6.652914,10.693535,0,6.2105999,8.5859728,0,0,1,Florida,2.7976089,2.7976089
Florida,2011,2.2201865,16.942482,6.6490121,10.716859,0,6.1923623,8.614501,0,0,1,Florida,2.7938519,2.7938519
Florida,2012,2.0998945,16.807817,6.6574268,10.737917,0,6.1984787,8.555644,0,0,1,Florida,2.7328579,2.7328579
Florida,2013,2.0157673,16.855494,6.6781435,10.789937,0,6.1944056,8.5728168,0,0,1,Florida,2.7058163,2.7058163
Florida,2014,2.048059,16.95153,6.705925,10.739435,0,6.1841488,8.6125031,0,0,1,Florida,2.706749,2.706749
Florida,2015,1.9991497,16.768204,6.7478709,10.796101,0,6.1737862,8.6292715,0,0,1,Florida,2.6832168,2.6832168
Georgia,2001,2.759856,17.245972,5.9771557,10.65914,1,6.1923623,8.3879957,2.759856,17.245972,1,Georgia,2.8723228,2.8723228
Georgia,2002,2.6591077,17.300951,5.9899969,10.667559,1,6.196444,8.458292,2.6591077,17.300951,1,Georgia,2.8367572,2.8367572
Georgia,2003,2.6442757,17.322565,6.0202599,10.655847,0,6.196444,8.50208,0,0,1,Georgia,2.8310564,2.8310564
Georgia,2004,2.6605575,17.401632,6.0604196,10.620839,0,6.2005091,8.5018768,0,0,1,Georgia,2.8051364,2.8051364
Georgia,2005,2.6830206,17.482592,6.1029005,10.734874,0,6.2065759,8.53405,0,0,1,Georgia,2.862417,2.862417
Georgia,2006,2.7097075,17.476255,6.115963,10.80649,1,6.2065759,8.5902576,2.7097075,17.476255,1,Georgia,2.7918167,2.7918167
Georgia,2007,2.7032306,17.524267,6.122282,10.792201,0,6.2045579,8.6559114,0,0,1,Georgia,2.8339355,2.8339355
Georgia,2008,2.5474863,17.486635,6.099791,10.741385,0,6.2005091,8.72258,0,0,1,Georgia,2.763572,2.763572
Georgia,2009,2.3991537,17.305477,6.0608525,10.676831,0,6.196444,8.7073174,0,0,1,Georgia,2.6479452,2.6479452
Georgia,2010,2.4908957,17.349743,6.0724158,10.694669,0,6.1944056,8.682538,0,0,1,Georgia,2.642962,2.642962
Georgia,2011,2.4938517,17.179131,6.0904651,10.735744,0,6.1882639,8.6595602,0,0,1,Georgia,2.6216893,2.6216893
Georgia,2012,2.3550413,16.852205,6.1042681,10.781453,0,6.1923623,8.6541691,0,0,1,Georgia,2.5474963,2.5474963
Georgia,2013,2.2480102,16.842422,6.1200972,10.75769,0,6.1882639,8.6404724,0,0,1,Georgia,2.510525,2.510525
Georgia,2014,2.3064301,16.936098,6.1527534,10.81094,0,6.1841488,8.6410027,0,0,1,Georgia,2.4868088,2.4868088
Georgia,2015,2.1798277,16.775963,6.1927352,10.835061,0,6.1841488,8.6750517,0,0,1,Georgia,2.4757502,2.4757502
Hawaii,2001,1.4047513,13.481896,4.0195942,10.767221,1,6.2441669,8.2872772,1.4047513,13.481896,1,Hawaii,1.4968901,1.4968901
Hawaii,2002,1.362659,13.456589,4.0428901,10.764266,1,6.253829,8.3932161,1.362659,13.456589,1,Hawaii,1.4661084,1.4661084
Hawaii,2003,1.4574469,13.573403,4.0939913,10.855724,1,6.2461066,8.483223,1.4574469,13.573403,1,Hawaii,1.4833323,1.4833323
Hawaii,2004,1.3171662,13.5977,4.1481714,10.937384,1,6.2422233,8.5446138,1.3171662,13.5977,1,Hawaii,1.4582654,1.4582654
Hawaii,2005,1.3978041,13.522243,4.2065401,10.995243,1,6.2461066,8.6121397,1.3978041,13.522243,1,Hawaii,1.5170413,1.5170413
Hawaii,2006,1.3650296,13.486628,4.2306118,11.009903,1,6.2324481,8.6815205,1.3650296,13.486628,1,Hawaii,1.4581749,1.4581749
Hawaii,2007,1.2876472,13.564455,4.2496433,11.066951,1,6.2265368,8.8098631,1.2876472,13.564455,1,Hawaii,1.5197064,1.5197064
Hawaii,2008,2.1300628,13.638348,4.2550564,11.027118,1,6.2186003,8.8713646,2.1300628,13.638348,1,Hawaii,1.4738367,1.4738367
Hawaii,2009,1.9672985,13.580265,4.218441,10.926837,1,6.2186003,8.9507923,1.9672985,13.580265,1,Hawaii,1.4118867,1.4118867
Hawaii,2010,2.0024111,13.517708,4.2431684,10.994404,1,6.2245584,8.8963146,2.0024111,13.517708,1,Hawaii,1.3801448,1.3801448
Hawaii,2011,1.8144871,13.492973,4.25769,10.98614,1,6.2146082,8.8420267,1.8144871,13.492973,1,Hawaii,1.3761251,1.3761251
Hawaii,2012,1.9965237,13.532439,4.2753501,10.937739,1,6.2146082,8.8336086,1.9965237,13.532439,1,Hawaii,1.3698604,1.3698604
Hawaii,2013,1.8425835,13.44746,4.2913246,11.070381,1,6.2225761,8.8418818,1.8425835,13.44746,1,Hawaii,1.3075204,1.3075204
Hawaii,2014,1.7546763,13.553444,4.2974539,11.173529,1,6.2225761,8.9120693,1.7546763,13.553444,1,Hawaii,1.2902819,1.2902819
Hawaii,2015,1.807299,13.454384,4.3290148,11.074575,1,6.2304816,8.9298325,1.807299,13.454384,1,Hawaii,1.2965258,1.2965258
Illinois,2001,2.751653,17.638317,6.465044,10.740086,1,6.3784261,8.4237614,2.751653,17.638317,1,Illinois,3.1224651,3.1224651
Illinois,2002,2.7031064,17.712746,6.4731464,10.662189,1,6.3902407,8.4623146,2.7031064,17.712746,1,Illinois,3.0896525,3.0896525
Illinois,2003,2.6658063,17.731127,6.489687,10.717746,1,6.3902407,8.5075464,2.6658063,17.731127,1,Illinois,3.0694792,3.0694792
Illinois,2004,2.569653,17.805939,6.5173845,10.738134,1,6.3919172,8.54811,2.569653,17.805939,1,Illinois,3.043313,3.043313
Illinois,2005,2.7570155,17.801189,6.5333624,10.787255,1,6.4068799,8.5735731,2.7570155,17.801189,1,Illinois,3.0840554,3.0840554
Illinois,2006,2.56673,17.803356,6.5579534,10.792818,1,6.4118185,8.5876513,2.56673,17.803356,1,Illinois,3.0149789,3.0149789
Illinois,2007,2.6018479,17.849537,6.5689483,10.868759,1,6.4150968,8.6395874,2.6018479,17.849537,1,Illinois,3.0422189,3.0422189
Illinois,2008,2.4614153,17.864994,6.5604882,10.882753,1,6.3985949,8.7137461,2.4614153,17.864994,1,Illinois,2.9788921,2.9788921
Illinois,2009,2.4290845,17.798365,6.5340228,10.875591,1,6.403574,8.7832432,2.4290845,17.798365,1,Illinois,2.9040015,2.9040015
Illinois,2010,2.5002189,17.829771,6.5484762,10.834272,1,6.3969297,8.8575153,2.5002189,17.829771,1,Illinois,2.9371469,2.9371469
Illinois,2011,2.5064507,17.798586,6.567071,10.832497,1,6.4248691,8.8572302,2.5064507,17.798586,1,Illinois,2.94976,2.94976
Illinois,2012,2.3959796,17.69725,6.5880995,10.853987,1,6.4216223,8.8864088,2.3959796,17.69725,1,Illinois,2.9261334,2.9261334
Illinois,2013,2.3121061,17.766672,6.5877223,10.895628,1,6.4248691,8.9241238,2.3121061,17.766672,1,Illinois,2.9018822,2.9018822
Illinois,2014,2.3360238,17.758318,6.6082625,10.913632,1,6.4232469,8.9925575,2.3360238,17.758318,1,Illinois,2.8841491,2.8841491
Illinois,2015,2.2789378,17.587019,6.6224103,11.00891,1,6.4232469,9.0592852,2.2789378,17.587019,1,Illinois,2.8619199,2.8619199
Indiana,2001,2.7494113,17.865505,5.5586596,10.60609,0,6.2166061,8.4553175,0,0,1,Indiana,2.8288691,2.8288691
Indiana,2002,2.7008326,17.870621,5.5810313,10.622546,0,6.2205901,8.4568062,0,0,1,Indiana,2.7670178,2.7670178
Indiana,2003,2.6748424,17.884424,5.6245646,10.655611,0,6.2225761,8.5035,0,0,1,Indiana,2.760232,2.760232
Indiana,2004,2.6060219,17.900791,5.6617651,10.653252,0,6.2265368,8.5364075,0,0,1,Indiana,2.7297406,2.7297406
Indiana,2005,2.7871985,17.910034,5.6710119,10.655847,0,6.2304816,8.5911865,0,0,1,Indiana,2.785358,2.785358
Indiana,2006,2.5670772,17.919508,5.6907401,10.723488,0,6.2324481,8.5872784,0,0,1,Indiana,2.7014842,2.7014842
Indiana,2007,2.6587758,17.922371,5.7173095,10.767432,0,6.2285109,8.6024532,0,0,1,Indiana,2.7211902,2.7211902
Indiana,2008,2.5423777,17.929182,5.706986,10.747638,0,6.2304816,8.4803219,0,0,1,Indiana,2.599066,2.599066
Indiana,2009,2.5175011,17.812769,5.6330762,10.698966,0,6.2285109,8.5948944,0,0,1,Indiana,2.5178151,2.5178151
Indiana,2010,2.5889809,17.847065,5.6954722,10.739435,0,6.2245584,8.6258678,0,0,1,Indiana,2.5456474,2.5456474
Indiana,2011,2.5077586,17.780203,5.7006593,10.70212,0,6.2166061,8.6024532,0,0,1,Indiana,2.5452383,2.5452383
Indiana,2012,2.4183569,17.659159,5.7054939,10.739869,0,6.2166061,8.637639,0,0,1,Indiana,2.5120072,2.5120072
Indiana,2013,2.3772953,17.658623,5.7277565,10.80892,0,6.2146082,8.6084957,0,0,1,Indiana,2.4616115,2.4616115
Indiana,2014,2.4407547,17.698772,5.7582173,10.780206,0,6.2146082,8.6013508,0,0,1,Indiana,2.4376869,2.4376869
Indiana,2015,2.3082705,17.481792,5.7486005,10.858614,0,6.212606,8.6092253,0,0,1,Indiana,2.3832059,2.3832059
Iowa,2001,2.4448566,16.874453,4.7912331,10.620839,0,6.401917,8.308692,0,0,1,Iowa,2.3322287,2.3322287
Iowa,2002,2.4021816,16.88373,4.8146057,10.622546,0,6.4002576,8.3832045,0,0,1,Iowa,2.2961924,2.2961924
Iowa,2003,2.412298,16.89192,4.85952,10.630553,0,6.3919172,8.4136086,0,0,1,Iowa,2.287396,2.287396
Iowa,2004,2.3123918,16.900776,4.9414859,10.677984,0,6.4002576,8.4519081,0,0,1,Iowa,2.2683156,2.2683156
Iowa,2005,2.5012608,16.863461,4.9738145,10.747208,1,6.4101748,8.4873524,2.5012608,16.863461,1,Iowa,2.3110194,2.3110194
Iowa,2006,2.3418126,16.871229,4.9874029,10.781661,0,6.418365,8.5157919,0,0,1,Iowa,2.2390604,2.2390604
Iowa,2007,2.496392,16.951813,5.0295343,10.797737,0,6.418365,8.5735731,0,0,1,Iowa,2.2935338,2.2935338
Iowa,2008,2.4040728,17.02368,5.0098443,10.822575,0,6.4167323,8.6592131,0,0,1,Iowa,2.2363496,2.2363496
Iowa,2009,2.3787529,16.933765,4.984858,10.834076,1,6.4216223,8.6901379,2.3787529,16.933765,1,Iowa,2.1439989,2.1439989
Iowa,2010,2.4447944,17.025536,5.0116243,10.799984,0,6.418365,8.7008476,0,0,1,Iowa,2.1701498,2.1701498
Iowa,2011,2.3551817,16.936852,5.0267396,10.824168,1,6.4068799,8.7061596,2.3551817,16.936852,1,Iowa,2.1710684,2.1710684
Iowa,2012,2.3000124,16.847923,5.0659966,10.886314,1,6.4068799,8.7264814,2.3000124,16.847923,1,Iowa,2.1481986,2.1481986
Iowa,2013,2.283478,16.78681,5.0656333,11.004763,1,6.3985949,8.7509995,2.283478,16.78681,1,Iowa,2.0900013,2.0900013
Iowa,2014,2.2964332,16.796391,5.1157107,10.964917,1,6.4150968,8.7747765,2.2964332,16.796391,1,Iowa,2.0803668,2.0803668
Iowa,2015,2.2242994,16.639294,5.1424031,11.016332,1,6.3969297,8.8043251,2.2242994,16.639294,1,Iowa,2.0594685,2.0594685
Kansas,2001,2.4412601,16.818716,4.739069,10.631519,0,6.363028,8.3118896,0,0,1,Kansas,2.3030155,2.3030155
Kansas,2002,2.4213285,16.936096,4.75527,10.660079,1,6.363028,8.3640423,2.4213285,16.936096,1,Kansas,2.2696996,2.2696996
Kansas,2003,2.3887806,16.932575,4.7723145,10.697159,1,6.3664703,8.3923101,2.3887806,16.932575,1,Kansas,2.2436435,2.2436435
Kansas,2004,2.2720664,16.912832,4.7824087,10.623034,0,6.3716121,8.4390154,0,0,1,Kansas,2.2111106,2.2111106
Kansas,2005,2.4074142,16.908642,4.8198767,10.646139,0,6.3767271,8.458292,0,0,1,Kansas,2.2619343,2.2619343
Kansas,2006,2.2133648,16.854,4.8703341,10.726566,0,6.3801227,8.5515947,0,0,1,Kansas,2.2091904,2.2091904
Kansas,2007,2.3278961,16.941378,4.9206638,10.789319,0,6.3801227,8.6317711,0,0,1,Kansas,2.2686028,2.2686028
Kansas,2008,2.2322896,16.888958,4.9383283,10.776453,0,6.3784261,8.6908102,0,0,1,Kansas,2.2042828,2.2042828
Kansas,2009,2.1601014,16.84963,4.8995323,10.708176,0,6.3784261,8.7261562,0,0,1,Kansas,2.126194,2.126194
Kansas,2010,2.1777434,16.858347,4.9106174,10.737483,0,6.3885612,8.7111139,0,0,1,Kansas,2.1172147,2.1172147
Kansas,2011,2.2677732,16.817648,4.9386334,10.739653,0,6.3818159,8.6896324,0,0,1,Kansas,2.1249483,2.1249483
Kansas,2012,2.1765785,16.692427,4.954546,10.819778,0,6.3868794,8.7144032,0,0,1,Kansas,2.0864758,2.0864758
Kansas,2013,2.1795163,16.75548,4.9538774,10.775199,0,6.3885612,8.7066555,0,0,1,Kansas,2.058569,2.058569
Kansas,2014,2.2144613,16.716858,4.979104,10.886314,0,6.3902407,8.7259941,0,0,1,Kansas,2.0102756,2.0102756
Kansas,2015,2.0230989,16.578768,5.0026736,10.912722,0,6.3835068,8.7303677,0,0,1,Kansas,1.9864925,1.9864925
Kentucky,2001,2.7511714,17.536501,5.02279,10.556854,0,6.3099184,8.2228222,0,0,1,Kentucky,2.5036306,2.5036306
Kentucky,2002,2.6963851,17.468889,5.0475707,10.512166,0,6.3135481,8.2947998,0,0,1,Kentucky,2.4621274,2.4621274
Kentucky,2003,2.6629663,17.466715,5.0751162,10.51705,0,6.3135481,8.3104153,0,0,1,Kentucky,2.4407735,2.4407735
Kentucky,2004,2.5847592,17.487814,5.1038232,10.480382,0,6.3225651,8.3327894,0,0,1,Kentucky,2.4089882,2.4089882
Kentucky,2005,2.7547112,17.513151,5.1427174,10.510532,0,6.3261495,8.3626423,0,0,1,Kentucky,2.4671338,2.4671338
Kentucky,2006,2.6091189,17.551699,5.1685371,10.583803,0,6.331502,8.4257355,0,0,1,Kentucky,2.4101634,2.4101634
Kentucky,2007,2.6121836,17.530645,5.1613932,10.582789,0,6.3368258,8.4593525,0,0,1,Kentucky,2.4248972,2.4248972
Kentucky,2008,2.3672965,17.557713,5.1579633,10.624979,0,6.3456364,8.5527534,0,0,1,Kentucky,2.3674901,2.3674901
Kentucky,2009,2.2255077,17.486002,5.116221,10.661017,0,6.3508859,8.5571833,0,0,1,Kentucky,2.2597029,2.2597029
Kentucky,2010,2.3083594,17.550573,5.1577907,10.623763,0,6.3543701,8.5781002,0,0,1,Kentucky,2.291214,2.291214
Kentucky,2011,2.3039043,17.566017,5.1690359,10.593128,0,6.3491392,8.5960045,0,0,1,Kentucky,2.3174748,2.3174748
Kentucky,2012,2.2389283,17.478512,5.1825905,10.62352,0,6.3543701,8.5943394,0,0,1,Kentucky,2.2821462,2.2821462
Kentucky,2013,2.1878493,17.491169,5.2012882,10.711747,0,6.3699012,8.579792,0,0,1,Kentucky,2.2342992,2.2342992
Kentucky,2014,2.2087517,17.484539,5.2011003,10.66406,0,6.3716121,8.5921154,0,0,1,Kentucky,2.2000127,2.2000127
Kentucky,2015,2.2261705,17.35301,5.2090268,10.654668,0,6.3750248,8.6126852,0,0,1,Kentucky,2.1809568,2.1809568
Louisiana,2001,2.4525042,16.513788,5.3405037,10.413913,0,6.331502,8.1991892,0,0,1,Louisiana,2.4874368,2.4874368
Louisiana,2002,2.3445227,16.498077,5.3616648,10.43441,0,6.3261495,8.2975435,0,0,1,Louisiana,2.4517219,2.4517219
Louisiana,2003,2.4445648,16.553926,5.4016604,10.4196,0,6.3261495,8.3435535,0,0,1,Louisiana,2.456059,2.456059
Louisiana,2004,2.3935456,16.586561,5.4498053,10.503148,0,6.329721,8.3875399,0,0,1,Louisiana,2.4241779,2.4241779
Louisiana,2005,2.5273726,16.574869,5.5125136,10.525139,0,6.331502,8.4331589,0,0,1,Louisiana,2.4921596,2.4921596
Louisiana,2006,2.506274,16.608925,5.5032978,10.504793,0,6.3473892,8.5067387,0,0,1,Louisiana,2.436666,2.436666
Louisiana,2007,2.393441,16.553301,5.4396768,10.62886,0,6.3403592,8.5541039,0,0,1,Louisiana,2.4115427,2.4115427
Louisiana,2008,2.3072209,16.608944,5.4473867,10.585574,0,6.3350544,8.681181,0,0,1,Louisiana,2.3848026,2.3848026
Louisiana,2009,2.2019019,16.570549,5.4655719,10.723927,0,6.3243589,8.725832,0,0,1,Louisiana,2.3042727,2.3042727
Louisiana,2010,2.2803235,16.60161,5.5087252,10.578979,0,6.3099184,8.742734,0,0,1,Louisiana,2.3446538,2.3446538
Louisiana,2011,2.255779,16.631699,5.4594822,10.613,0,6.3099184,8.746398,0,0,1,Louisiana,2.3362241,2.3362241
Louisiana,2012,2.1873446,16.50651,5.4612212,10.573622,0,6.2841344,8.7173548,0,0,1,Louisiana,2.2914815,2.2914815
Louisiana,2013,2.1006436,16.43927,5.4313297,10.745701,0,6.3153582,8.6928253,0,0,1,Louisiana,2.1982439,2.1982439
Louisiana,2014,2.1908979,16.351774,5.4610953,10.65514,0,6.3207684,8.7186632,0,0,1,Louisiana,2.1736302,2.1736302
Louisiana,2015,2.1897397,16.192883,5.451107,10.734656,0,6.3261495,8.742095,0,0,1,Louisiana,2.1323848,2.1323848
Maryland,2001,2.7375951,16.22768,5.5665603,10.887998,1,6.2344108,8.5312929,2.7375951,16.22768,1,Maryland,2.5732806,2.5732806
Maryland,2002,2.7248197,16.235413,5.6001554,10.940402,1,6.2402759,8.5956345,2.7248197,16.235413,1,Maryland,2.5310161,2.5310161
Maryland,2003,2.6584983,16.281878,5.6288147,10.864943,1,6.2441669,8.6469927,2.6584983,16.281878,1,Maryland,2.5393469,2.5393469
Maryland,2004,2.6890097,16.264402,5.6708617,10.952559,1,6.2441669,8.6896324,2.6890097,16.264402,1,Maryland,2.4966271,2.4966271
Maryland,2005,2.719274,16.275925,5.7093024,11.010564,1,6.2441669,8.7314978,2.719274,16.275925,1,Maryland,2.5525341,2.5525341
Maryland,2006,2.5985832,16.269817,5.7229118,11.061469,1,6.2324481,8.807622,2.5985832,16.269817,1,Maryland,2.4911945,2.4911945
Maryland,2007,2.6036012,16.290689,5.7260518,11.091788,1,6.2186003,8.9031353,2.6036012,16.290689,1,Maryland,2.5313368,2.5313368
Maryland,2008,2.5090675,16.219313,5.7518029,11.062097,1,6.2186003,9.0004835,2.5090675,16.219313,1,Maryland,2.4815936,2.4815936
Maryland,2009,2.3415976,16.098377,5.7408924,11.069603,1,6.2186003,9.0442858,2.3415976,16.098377,1,Maryland,2.3946936,2.3946936
Maryland,2010,2.4001675,16.102547,5.7849622,11.069758,1,6.2265368,9.0717678,2.4001675,16.102547,1,Maryland,2.4151821,2.4151821
Maryland,2011,2.375308,16.00349,5.8064508,11.140121,1,6.2186003,9.0724564,2.375308,16.00349,1,Maryland,2.4093876,2.4093876
Maryland,2012,2.2930248,15.751306,5.8067107,11.182197,1,6.2186003,9.0618401,2.2930248,15.751306,1,Maryland,2.3398964,2.3398964
Maryland,2013,2.1930492,15.730832,5.8119459,11.146921,1,6.2146082,9.0774946,2.1930492,15.730832,1,Maryland,2.3078961,2.3078961
Maryland,2014,2.2003109,15.818439,5.8277822,11.240723,1,6.2045579,9.0870419,2.2003109,15.818439,1,Maryland,2.274034,2.274034
Maryland,2015,2.2056088,15.613303,5.8526387,11.206264,1,6.2005091,9.106534,2.2056088,15.613303,1,Maryland,2.25367,2.25367
Massachusetts,2001,2.5181012,15.287713,5.893476,10.863795,1,6.2441669,8.7494154,2.5181012,15.287713,1,Massachusetts,2.6325841,2.6325841
Massachusetts,2002,2.4868612,15.342182,5.8932495,10.816975,1,6.2461066,8.7818623,2.4868612,15.342182,1,Massachusetts,2.5874331,2.5874331
Massachusetts,2003,2.454438,15.29479,5.9108167,10.838797,1,6.2576675,8.8032742,2.454438,15.29479,1,Massachusetts,2.5549469,2.5549469
Massachusetts,2004,2.4178157,15.287189,5.9377632,10.859384,1,6.2595816,8.8653116,2.4178157,15.287189,1,Massachusetts,2.5228682,2.5228682
Massachusetts,2005,2.3602157,15.429916,5.9579167,10.933464,1,6.2672005,8.9105854,2.3602157,15.429916,1,Massachusetts,2.5900872,2.5900872
Massachusetts,2006,2.2283399,15.37359,5.9802413,10.92107,1,6.2614918,8.9562216,2.2283399,15.37359,1,Massachusetts,2.5236697,2.5236697
Massachusetts,2007,2.3546832,15.448717,6.00739,10.976098,1,6.2576675,9.0139608,2.3546832,15.448717,1,Massachusetts,2.5661943,2.5661943
Massachusetts,2008,2.2760477,15.337333,6.0280857,11.007419,1,6.2633982,9.0909939,2.2760477,15.337333,1,Massachusetts,2.4939327,2.4939327
Massachusetts,2009,2.1634173,15.174322,6.0093527,10.991545,1,6.2653012,9.154933,2.1634173,15.174322,1,Massachusetts,2.4071257,2.4071257
Massachusetts,2010,2.1261208,15.067463,6.0539527,11.017481,1,6.2653012,9.1755419,2.1261208,15.067463,1,Massachusetts,2.4056308,2.4056308
Massachusetts,2011,2.2018054,14.382291,6.0741835,11.055799,1,6.2672005,9.1356173,2.2018054,14.382291,1,Massachusetts,2.3034897,2.3034897
Massachusetts,2012,2.0980785,13.768212,6.0933824,11.061312,1,6.2728772,9.1700392,2.0980785,13.768212,1,Massachusetts,2.2064064,2.2064064
Massachusetts,2013,2.0820122,14.356932,6.0977912,11.043402,1,6.2709885,9.1973562,2.0820122,14.356932,1,Massachusetts,2.2663119,2.2663119
Massachusetts,2014,1.9998065,14.033684,6.1127281,11.053268,1,6.2747622,9.2273941,1.9998065,14.033684,1,Massachusetts,2.188482,2.188482
Massachusetts,2015,1.9404684,13.820801,6.1485982,11.125202,1,6.2709885,9.2659645,1.9404684,13.820801,1,Massachusetts,2.1629112,2.1629112
Michigan,2001,2.612833,17.339762,6.0523319,10.715528,1,6.3491392,8.483016,2.612833,17.339762,1,Michigan,2.937892,2.937892
Michigan,2002,2.5446482,17.323067,6.0794806,10.662422,1,6.3491392,8.5107727,2.5446482,17.323067,1,Michigan,2.8922348,2.8922348
Michigan,2003,2.5691512,17.344837,6.0950408,10.714862,1,6.3561077,8.5175934,2.5691512,17.344837,1,Michigan,2.8606019,2.8606019
Michigan,2004,2.4387476,17.37974,6.1067739,10.651596,0,6.3508859,8.5525608,0,0,1,Michigan,2.831738,2.831738
Michigan,2005,2.6225142,17.406578,6.1249847,10.734874,0,6.3613024,8.5773468,0,0,1,Michigan,2.8732586,2.8732586
Michigan,2006,2.4547248,17.368755,6.108922,10.792407,1,6.368187,8.5978508,2.4547248,17.368755,1,Michigan,2.7772799,2.7772799
Michigan,2007,2.4862506,17.414839,6.1024313,10.807098,0,6.3613024,8.6314144,0,0,1,Michigan,2.8001585,2.8001585
Michigan,2008,2.3599653,17.412169,6.0425711,10.81557,0,6.3935909,8.6499739,0,0,1,Michigan,2.6973438,2.6973438
Michigan,2009,2.2661493,17.380236,5.9484005,10.736179,0,6.401917,8.6877794,0,0,1,Michigan,2.6009104,2.6009104
Michigan,2010,2.2477648,17.370171,6.0019517,10.742465,0,6.4052286,8.7015123,0,0,1,Michigan,2.617871,2.617871
Michigan,2011,2.2069902,17.291674,6.0278792,10.797124,0,6.403574,8.7152243,0,0,1,Michigan,2.6230698,2.6230698
Michigan,2012,2.2056525,17.205612,6.0466418,10.820178,0,6.401917,8.713089,0,0,1,Michigan,2.5908403,2.5908403
Michigan,2013,2.1462126,17.270334,6.0608449,10.943234,1,6.4134588,8.7125959,2.1462126,17.270334,1,Michigan,2.5487018,2.5487018
Michigan,2014,2.210299,17.196539,6.0737658,10.859191,0,6.4134588,8.7201338,0,0,1,Michigan,2.5129323,2.5129323
Michigan,2015,2.1855319,17.199453,6.0954442,10.900436,0,6.4118185,8.7481461,0,0,1,Michigan,2.5148401,2.5148401
Minnesota,2001,2.2900598,16.729342,5.5118122,10.871991,1,6.3784261,8.4654789,2.2900598,16.729342,1,Minnesota,2.6082816,2.6082816
Minnesota,2002,2.24143,16.764568,5.5352788,10.908155,1,6.3818159,8.5018768,2.24143,16.764568,1,Minnesota,2.5596063,2.5596063
Minnesota,2003,2.2917655,16.847063,5.5765772,10.874645,1,6.3818159,8.5566063,2.2917655,16.847063,1,Minnesota,2.573674,2.573674
Minnesota,2004,2.1979346,16.814741,5.6188059,10.934891,1,6.3851943,8.607399,2.1979346,16.814741,1,Minnesota,2.5350432,2.5350432
Minnesota,2005,2.2357419,16.811653,5.6512141,10.900805,1,6.3919172,8.6425915,2.2357419,16.811653,1,Minnesota,2.5967231,2.5967231
Minnesota,2006,2.0964584,16.789684,5.6503186,10.93685,1,6.3969297,8.6823683,2.0964584,16.789684,1,Minnesota,2.5179737,2.5179737
Minnesota,2007,2.1983697,16.769297,5.6570373,10.969233,1,6.401917,8.7308521,2.1983697,16.769297,1,Minnesota,2.5383897,2.5383897
Minnesota,2008,2.1799018,16.747377,5.6644197,10.913815,1,6.4118185,8.7769384,2.1799018,16.747377,1,Minnesota,2.4762747,2.4762747
Minnesota,2009,2.1543036,16.669386,5.6257997,10.934712,1,6.4118185,8.8857174,2.1543036,16.669386,1,Minnesota,2.4034159,2.4034159
Minnesota,2010,2.136395,16.623802,5.6599703,10.865134,1,6.4085288,8.8617754,2.136395,16.623802,1,Minnesota,2.4059227,2.4059227
Minnesota,2011,2.0751569,16.619774,5.6828423,10.96509,1,6.4101748,8.8575153,2.0751569,16.619774,1,Minnesota,2.409322,2.409322
Minnesota,2012,1.9970664,16.409569,5.6981945,11.031658,1,6.4068799,8.863616,1.9970664,16.409569,1,Minnesota,2.3539386,2.3539386
Minnesota,2013,1.9450442,16.437668,5.7219052,11.071626,1,6.4101748,8.8857174,1.9450442,16.437668,1,Minnesota,2.3283124,2.3283124
Minnesota,2014,1.9480836,16.620956,5.7496839,11.116024,1,6.4134588,8.9100456,1.9480836,16.620956,1,Minnesota,2.3246861,2.3246861
Minnesota,2015,1.8678635,16.486816,5.7649188,11.137941,1,6.4085288,8.9516993,1.8678635,16.486816,1,Minnesota,2.3104765,2.3104765
Mississippi,2001,2.5411088,15.935858,4.4694591,10.314272,0,6.3117347,8.0475092,0,0,1,Mississippi,2.0256541,2.0256541
Mississippi,2002,2.4812341,15.878439,4.4837866,10.337864,0,6.3044486,8.0783777,0,0,1,Mississippi,1.959533,1.959533
Mississippi,2003,2.5425177,16.071476,4.5256367,10.396048,0,6.3117347,8.1507568,0,0,1,Mississippi,1.9834802,1.9834802
Mississippi,2004,2.5094986,16.113033,4.5484157,10.456223,0,6.3044486,8.2206726,0,0,1,Mississippi,1.9542336,1.9542336
Mississippi,2005,2.6134508,16.093843,4.5728607,10.40062,0,6.3171649,8.2720594,0,0,1,Mississippi,2.0183456,2.0183456
Mississippi,2006,2.5271194,16.155184,4.5951786,10.455359,0,6.2934194,8.3520823,0,0,1,Mississippi,1.9711891,1.9711891
Mississippi,2007,2.5327432,16.107527,4.607286,10.526213,0,6.3080983,8.3859453,0,0,1,Mississippi,1.9798983,1.9798983
Mississippi,2008,2.4398642,16.066496,4.6227899,10.503696,0,6.3207684,8.4439774,0,0,1,Mississippi,1.9174162,1.9174162
Mississippi,2009,2.3251262,15.946564,4.5849738,10.465386,0,6.3171649,8.4618921,0,0,1,Mississippi,1.8181986,1.8181986
Mississippi,2010,2.4057624,15.965997,4.5910826,10.549543,0,6.3062754,8.4690533,0,0,1,Mississippi,1.808417,1.808417
Mississippi,2011,2.386817,15.640521,4.5902171,10.62352,0,6.2971091,8.4298906,0,0,1,Mississippi,1.7471251,1.7471251
Mississippi,2012,2.3165979,15.471916,4.6096439,10.508896,0,6.2989492,8.4381504,0,0,1,Mississippi,1.7246279,1.7246279
Mississippi,2013,2.2684042,15.584833,4.6084766,10.38406,0,6.3044486,8.4381504,0,0,1,Mississippi,1.717198,1.717198
Mississippi,2014,2.3112144,15.695047,4.6080022,10.477851,0,6.338594,8.4429007,0,0,1,Mississippi,1.678817,1.678817
Mississippi,2015,2.2171957,15.39036,4.6099825,10.597634,0,6.3332796,8.4765797,0,0,1,Mississippi,1.6182818,1.6182818
Missouri,2001,2.6362371,17.46838,5.49331,10.629586,0,6.3578424,8.3037519,0,0,1,Missouri,2.6934526,2.6934526
Missouri,2002,2.6168418,17.496929,5.5111566,10.663826,1,6.363028,8.3770113,2.6168418,17.496929,1,Missouri,2.6533527,2.6533527
Missouri,2003,2.5704877,17.595945,5.5321131,10.686476,1,6.368187,8.427268,2.5704877,17.595945,1,Missouri,2.6529484,2.6529484
Missouri,2004,2.475544,17.608288,5.5596867,10.648752,0,6.3716121,8.4287987,0,0,1,Missouri,2.6130416,2.6130416
Missouri,2005,2.6702247,17.639038,5.5825,10.668723,0,6.3767271,8.4709396,0,0,1,Missouri,2.6708999,2.6708999
Missouri,2006,2.4689734,17.635485,5.5880766,10.705041,0,6.3818159,8.5213842,0,0,1,Missouri,2.600733,2.600733
Missouri,2007,2.5617328,17.601845,5.5898342,10.736614,0,6.3868794,8.5846653,0,0,1,Missouri,2.6219578,2.6219578
Missouri,2008,2.4817441,17.593105,5.6110682,10.737266,0,6.3919172,8.6513748,0,0,1,Missouri,2.566133,2.566133
Missouri,2009,2.3821876,17.569199,5.5866303,10.79487,0,6.3969297,8.6619864,0,0,1,Missouri,2.471293,2.471293
Missouri,2010,2.4169781,17.615316,5.6011329,10.732476,0,6.3885612,8.6757345,0,0,1,Missouri,2.4905825,2.4905825
Missouri,2011,2.3939259,17.651794,5.5929766,10.731384,0,6.3851943,8.6427679,0,0,1,Missouri,2.492502,2.492502
Missouri,2012,2.3230543,17.561234,5.6040916,10.814967,0,6.3835068,8.6429443,0,0,1,Missouri,2.449172,2.449172
Missouri,2013,2.282841,17.610159,5.6153131,10.742897,0,6.3885612,8.6574764,0,0,1,Missouri,2.4344823,2.4344823
Missouri,2014,2.2967548,17.577665,5.6206932,10.944294,1,6.3919172,8.6776094,2.2967548,17.577665,1,Missouri,2.3674097,2.3674097
Missouri,2015,2.2040699,17.465345,5.6312861,10.988677,1,6.3952618,8.7059937,2.2040699,17.465345,1,Missouri,2.347465,2.347465
Montana,2001,1.9835051,16.198582,3.4510219,10.377545,0,6.2897158,8.330864,0,0,1,Montana,1.7455233,1.7455233
Montana,2002,1.9089872,16.092409,3.481354,10.458522,0,6.3044486,8.3834333,0,0,1,Montana,1.6774522,1.6774522
Montana,2003,2.0712783,16.21628,3.5207715,10.437346,0,6.2971091,8.4351149,0,0,1,Montana,1.6943445,1.6943445
Montana,2004,1.8737184,16.242249,3.570338,10.432939,0,6.2897158,8.473032,0,0,1,Montana,1.6719763,1.6719763
Montana,2005,1.9807589,16.265438,3.6209726,10.527017,0,6.2915692,8.5097656,0,0,1,Montana,1.7279444,1.7279444
Montana,2006,2.053545,16.240498,3.6526718,10.624006,0,6.300786,8.558527,0,0,1,Montana,1.656131,1.656131
Montana,2007,2.1550865,16.294477,3.6997774,10.684188,0,6.2971091,8.6244316,0,0,1,Montana,1.7051817,1.7051817
Montana,2008,1.9206955,16.30138,3.7005882,10.666627,0,6.3062754,8.6827078,0,0,1,Montana,1.6435014,1.6435014
Montana,2009,1.9490737,16.133104,3.6766398,10.607574,0,6.2952662,8.712924,0,0,1,Montana,1.5491432,1.5491432
Montana,2010,2.0049498,16.300852,3.7085276,10.628134,0,6.2878585,8.7576265,0,0,1,Montana,1.5919018,1.5919018
Montana,2011,1.985039,16.093576,3.7347057,10.60361,0,6.2859979,8.7665501,0,0,1,Montana,1.587147,1.587147
Montana,2012,2.1702118,16.019054,3.7457535,10.716415,0,6.2841344,8.746398,0,0,1,Montana,1.5358971,1.5358971
Montana,2013,1.8897223,16.073324,3.7604604,10.673595,0,6.2915692,8.7566824,0,0,1,Montana,1.518105,1.518105
Montana,2014,1.8489883,16.135891,3.780298,10.841539,0,6.3135481,8.774622,0,0,1,Montana,1.4747103,1.4747103
Montana,2015,2.0965984,16.145449,3.8154173,10.847393,0,6.3207684,8.7823229,0,0,1,Montana,1.4813012,1.4813012
Nebraska,2001,2.2431738,16.349697,4.3590255,10.683042,1,6.3421216,8.4127216,2.2431738,16.349697,1,Nebraska,2.1085527,2.1085527
Nebraska,2002,2.181953,16.317751,4.3717213,10.664293,1,6.3456364,8.4926958,2.181953,16.317751,1,Nebraska,2.0666387,2.0666387
Nebraska,2003,2.2042615,16.359097,4.4281144,10.691263,1,6.3595738,8.5469465,2.2042615,16.359097,1,Nebraska,2.0721881,2.0721881
Nebraska,2004,2.09778,16.353134,4.4541974,10.68716,0,6.3561077,8.5947094,0,0,1,Nebraska,2.0388808,2.0388808
Nebraska,2005,2.2457025,16.371653,4.4921036,10.777288,1,6.3613024,8.6280184,2.2457025,16.371653,1,Nebraska,2.0886228,2.0886228
Nebraska,2006,2.1786282,16.371296,4.5199685,10.782077,0,6.368187,8.6862602,0,0,1,Nebraska,2.0343559,2.0343559
Nebraska,2007,2.2913651,16.32242,4.5423455,10.803039,0,6.3716121,8.7645216,0,0,1,Nebraska,2.0675013,2.0675013
Nebraska,2008,2.328737,16.407793,4.5415964,10.834272,1,6.3716121,8.8243837,2.328737,16.407793,1,Nebraska,2.0108447,2.0108447
Nebraska,2009,2.0470078,16.467537,4.5430565,10.811746,0,6.3868794,8.8596478,0,0,1,Nebraska,1.9571402,1.9571402
Nebraska,2010,2.1788511,16.466431,4.5795045,10.868568,1,6.3851943,8.9241238,2.1788511,16.466431,1,Nebraska,1.9777782,1.9777782
Nebraska,2011,2.1703532,16.569851,4.6307149,10.926298,1,6.3818159,8.9418068,2.1703532,16.569851,1,Nebraska,2.02087,2.02087
Nebraska,2012,2.1436672,16.515808,4.6320643,10.862838,1,6.3716121,8.9128771,2.1436672,16.515808,1,Nebraska,1.9898727,1.9898727
Nebraska,2013,2.1077702,16.577366,4.650908,10.961625,1,6.368187,8.9186506,2.1077702,16.577366,1,Nebraska,1.9543082,1.9543082
Nebraska,2014,2.0197182,16.525976,4.6815457,10.948524,1,6.3750248,8.9254541,2.0197182,16.525976,1,Nebraska,1.9190454,1.9190454
Nebraska,2015,1.9678086,16.490215,4.713141,11.009903,1,6.3801227,8.95854,1.9678086,16.490215,1,Nebraska,1.9179428,1.9179428
Nevada,2001,2.0362878,15.918387,4.6694145,10.723268,1,6.2441669,8.1964369,2.0362878,15.918387,1,Nevada,2.0928955,2.0928955
Nevada,2002,2.0906668,15.880495,4.7045503,10.713529,1,6.2499752,8.2411766,2.0906668,15.880495,1,Nevada,2.0466712,2.0466712
Nevada,2003,2.1929188,15.878499,4.747324,10.71841,1,6.2480431,8.2459097,2.1929188,15.878499,1,Nevada,2.0279155,2.0279155
Nevada,2004,2.0676429,15.955804,4.8467474,10.762149,1,6.2422233,8.2977924,2.0676429,15.955804,1,Nevada,2.030638,2.030638
Nevada,2005,2.0459304,15.969811,4.9236879,10.783321,1,6.2402759,8.3539677,2.0459304,15.969811,1,Nevada,2.1114445,2.1114445
Nevada,2006,2.0857577,15.064817,4.9626145,10.864369,1,6.2304816,8.3866291,2.0857577,15.064817,1,Nevada,1.9082297,1.9082297
Nevada,2007,2.0715911,15.052948,4.9705567,10.89785,1,6.2265368,8.4610462,2.0715911,15.052948,1,Nevada,1.9383513,1.9383513
Nevada,2008,2.0609405,15.17072,4.9413152,10.91035,1,6.2265368,8.4900274,2.0609405,15.17072,1,Nevada,1.868233,1.868233
Nevada,2009,1.9199158,15.15617,4.8539138,10.847977,1,6.2245584,8.5059299,1.9199158,15.15617,1,Nevada,1.7679131,1.7679131
Nevada,2010,1.7719616,15.093158,4.8662138,10.843494,1,6.2166061,8.5149908,1.7719616,15.093158,1,Nevada,1.7607861,1.7607861
Nevada,2011,1.8492218,14.867315,4.8728886,10.758754,0,6.2065759,8.5191908,0,0,1,Nevada,1.7522472,1.7522472
Nevada,2012,1.9714735,14.629914,4.8622351,10.764899,0,6.2005091,8.4688425,0,0,1,Nevada,1.6731092,1.6731092
Nevada,2013,2.241394,14.89156,4.8653851,10.856111,0,6.2025356,8.4366341,0,0,1,Nevada,1.6504084,1.6504084
Nevada,2014,1.9800186,15.052685,4.874414,10.817375,0,6.2025356,8.4774122,0,0,1,Nevada,1.6524588,1.6524588
Nevada,2015,1.9134349,14.225796,4.915206,10.859191,0,6.2025356,8.4996405,0,0,1,Nevada,1.5361252,1.5361252
New Hampshire,2001,2.2607887,14.242942,4.0540886,10.84603,1,6.2461066,8.4623146,2.2607887,14.242942,1,New Hampshire,1.6680783,1.6680783
New Hampshire,2002,2.2382512,14.238563,4.0855494,10.92089,1,6.251904,8.5463638,2.2382512,14.238563,1,New Hampshire,1.6263021,1.6263021
New Hampshire,2003,2.1942127,14.282543,4.1254025,10.925399,1,6.2557502,8.6249704,2.1942127,14.282543,1,New Hampshire,1.6363939,1.6363939
New Hampshire,2004,2.163981,14.322076,4.165247,10.947643,1,6.2557502,8.6916504,2.163981,14.322076,1,New Hampshire,1.6176348,1.6176348
New Hampshire,2005,2.2283411,14.35931,4.1749163,10.950456,1,6.2633982,8.7533712,2.2283411,14.35931,1,New Hampshire,1.6797352,1.6797352
New Hampshire,2006,2.1358762,14.306385,4.1991277,11.034406,1,6.2614918,8.8113546,2.1358762,14.306385,1,New Hampshire,1.6054463,1.6054463
New Hampshire,2007,2.1011193,14.301162,4.2025051,11.121067,1,6.2557502,8.8695383,2.1011193,14.301162,1,New Hampshire,1.6225352,1.6225352
New Hampshire,2008,2.0303078,14.208229,4.1874418,11.100134,1,6.2595816,8.9504032,2.0303078,14.208229,1,New Hampshire,1.5472409,1.5472409
New Hampshire,2009,2.0258765,14.004422,4.174747,11.068667,1,6.2595816,8.9976425,2.0258765,14.004422,1,New Hampshire,1.4535953,1.4535953
New Hampshire,2010,1.9610006,14.036421,4.2065682,11.10691,1,6.2614918,9.0452299,1.9610006,14.036421,1,New Hampshire,1.4745862,1.4745862
New Hampshire,2011,2.0185378,13.708329,4.2130027,11.095591,1,6.2633982,9.0817108,2.0185378,13.708329,1,New Hampshire,1.4508883,1.4508883
New Hampshire,2012,1.8548741,13.160976,4.2268062,11.124613,1,6.2633982,9.0909939,1.8548741,13.160976,1,New Hampshire,1.3506279,1.3506279
New Hampshire,2013,1.9343461,13.331059,4.2352695,11.14331,1,6.2690964,9.1075325,1.9343461,13.331059,1,New Hampshire,1.3413416,1.3413416
New Hampshire,2014,1.9245776,13.206436,4.2515435,11.203679,1,6.2728772,9.1401329,1.9245776,13.206436,1,New Hampshire,1.2876801,1.2876801
New Hampshire,2015,1.91242,12.913041,4.2772551,11.234269,1,6.2728772,9.1602039,1.91242,12.913041,1,New Hampshire,1.2458979,1.2458979
New Jersey,2001,2.6198366,15.275402,6.1667128,10.854567,1,6.2402759,8.8050756,2.6198366,15.275402,1,New Jersey,2.7565215,2.7565215
New Jersey,2002,2.6044049,15.219097,6.1834416,10.90724,1,6.2402759,8.8500872,2.6044049,15.219097,1,New Jersey,2.6920102,2.6920102
New Jersey,2003,2.6237249,15.245786,6.2039585,10.933999,1,6.2441669,8.9124737,2.6237249,15.245786,1,New Jersey,2.6838744,2.6838744
New Jersey,2004,2.528547,15.303618,6.2110925,10.920166,1,6.2422233,8.9748716,2.528547,15.303618,1,New Jersey,2.6585417,2.6585417
New Jersey,2005,2.6295216,15.423985,6.2302742,11.056746,1,6.2480431,9.0310946,2.6295216,15.423985,1,New Jersey,2.7170451,2.7170451
New Jersey,2006,2.5157721,15.349184,6.2474265,11.128145,1,6.2441669,9.0861368,2.5157721,15.349184,1,New Jersey,2.6374946,2.6374946
New Jersey,2007,2.5189304,15.35649,6.2555547,11.010564,1,6.2344108,9.1706638,2.5189304,15.35649,1,New Jersey,2.6940563,2.6940563
New Jersey,2008,2.4549663,15.242189,6.2813344,11.086901,1,6.2402759,9.2563648,2.4549663,15.242189,1,New Jersey,2.6199977,2.6199977
New Jersey,2009,2.2555461,14.747971,6.2282166,11.078753,1,6.2402759,9.2165213,2.2555461,14.747971,1,New Jersey,2.4368079,2.4368079
New Jersey,2010,2.2172339,14.941125,6.2420635,11.050414,1,6.2422233,9.251194,2.2172339,14.941125,1,New Jersey,2.4797368,2.4797368
New Jersey,2011,2.2509108,14.496361,6.2297015,11.040359,1,6.2461066,9.2233553,2.2509108,14.496361,1,New Jersey,2.4109888,2.4109888
New Jersey,2012,2.1637759,13.822764,6.2484217,11.10781,1,6.2480431,9.2853546,2.1637759,13.822764,1,New Jersey,2.3051081,2.3051081
New Jersey,2013,2.1478775,13.832172,6.2609682,11.062724,1,6.2576675,9.3152409,2.1478775,13.832172,1,New Jersey,2.2862024,2.2862024
New Jersey,2014,2.1657698,14.009371,6.2579865,11.085828,1,6.2595816,9.3200016,2.1657698,14.009371,1,New Jersey,2.26636,2.26636
New Jersey,2015,2.1744549,13.702817,6.2727895,11.132544,1,6.2557502,9.3207178,2.1744549,13.702817,1,New Jersey,2.2101173,2.2101173
New Mexico,2001,1.8891348,16.585285,4.2729158,10.407892,0,6.2952662,8.1636562,0,0,1,New Mexico,2.0691941,2.0691941
New Mexico,2002,1.9489318,16.536612,4.3028426,10.476161,0,6.2971091,8.2553091,0,0,1,New Mexico,2.0234685,2.0234685
New Mexico,2003,1.9699529,16.621384,4.3407812,10.466241,0,6.2915692,8.2822304,0,0,1,New Mexico,2.0246933,2.0246933
New Mexico,2004,1.7368474,16.628572,4.4193068,10.585574,0,6.2971091,8.3549099,0,0,1,New Mexico,2.0050719,2.0050719
New Mexico,2005,1.7491043,16.650702,4.4312263,10.570034,0,6.3044486,8.3864012,0,0,1,New Mexico,2.0588272,2.0588272
New Mexico,2006,1.7300256,16.646431,4.4550261,10.597384,0,6.3080983,8.4548922,0,0,1,New Mexico,2.0025454,2.0025454
New Mexico,2007,1.8001879,16.585518,4.4629011,10.700093,0,6.302619,8.5193911,0,0,1,New Mexico,2.0128973,2.0128973
New Mexico,2008,1.8087221,16.549723,4.465508,10.647803,0,6.3062754,8.5839167,0,0,1,New Mexico,1.9521785,1.9521785
New Mexico,2009,1.6766933,16.619629,4.4781308,10.681436,0,6.302619,8.6242523,0,0,1,New Mexico,1.8983885,1.8983885
New Mexico,2010,1.6245308,16.492157,4.4728985,10.717302,0,6.3080983,8.6170387,0,0,1,New Mexico,1.8642465,1.8642465
New Mexico,2011,1.8287338,16.556112,4.4727001,10.644949,0,6.2934194,8.5760279,0,0,1,New Mexico,1.8804725,1.8804725
New Mexico,2012,1.7678155,16.486374,4.4764867,10.678676,0,6.302619,8.5469465,0,0,1,New Mexico,1.8349508,1.8349508
New Mexico,2013,1.7254193,16.473637,4.4642587,10.600876,0,6.300786,8.5682669,0,0,1,New Mexico,1.8047552,1.8047552
New Mexico,2014,1.620854,16.29318,4.4885373,10.751286,0,6.2971091,8.5898857,0,0,1,New Mexico,1.7303407,1.7303407
New Mexico,2015,1.6235141,16.290499,4.4964852,10.717081,0,6.2989492,8.6220932,0,0,1,New Mexico,1.7375023,1.7375023
New York,2001,2.5751102,16.040974,7.0146298,10.648041,0,6.2245584,8.8920612,0,0,1,New York,3.2582667,3.2582667
New York,2002,2.5302947,16.029745,7.0086417,10.644711,0,6.2265368,8.9437675,0,0,1,New York,3.2012103,3.2012103
New York,2003,2.514626,16.082062,7.0126677,10.66406,0,6.2344108,9.0134735,0,0,1,New York,3.193718,3.193718
New York,2004,2.4562447,16.087845,7.0423956,10.70661,1,6.2344108,9.0648518,2.4562447,16.087845,1,New York,3.1584389,3.1584389
New York,2005,2.5417273,16.020411,7.0638108,10.761725,1,6.2363696,9.1511211,2.5417273,16.020411,1,New York,3.2101479,3.2101479
New York,2006,2.3748775,16.058046,7.0894742,10.783529,1,6.2344108,9.2211819,2.3748775,16.058046,1,New York,3.1620889,3.1620889
New York,2007,2.4562643,16.078625,7.0971885,10.79835,0,6.2245584,9.2817307,0,0,1,New York,3.1951444,3.1951444
New York,2008,2.3749661,15.999856,7.0817766,10.828937,1,6.2225761,9.3563433,2.3749661,15.999856,1,New York,3.1129348,3.1129348
New York,2009,2.2288086,15.625084,7.1153159,10.824168,1,6.2186003,9.4154015,2.2288086,15.625084,1,New York,3.0119979,3.0119979
New York,2010,2.22856,15.669344,7.1526341,10.815369,1,6.212606,9.4474659,2.22856,15.669344,1,New York,3.0384605,3.0384605
New York,2011,2.2455695,15.339717,7.1542459,10.832497,1,6.212606,9.4849377,2.2455695,15.339717,1,New York,3.0091205,3.0091205
New York,2012,2.1383593,14.616749,7.1916051,10.772267,0,6.2146082,9.5074034,0,0,1,New York,2.9080253,2.9080253
New York,2013,2.0872381,14.615169,7.1924653,10.819178,0,6.2166061,9.5134039,0,0,1,New York,2.8630433,2.8630433
New York,2014,2.0368505,14.582632,7.2103829,10.902464,1,6.2186003,9.5556307,2.0368505,14.582632,1,New York,2.8236918,2.8236918
New York,2015,2.0560548,13.852715,7.2252216,10.96837,1,6.2186003,9.5867882,2.0560548,13.852715,1,New York,2.7111998,2.7111998
North Carolina,2001,2.6303892,17.170628,5.8850398,10.549543,0,6.212606,8.3000317,0,0,1,North Carolina,2.8122356,2.8122356
North Carolina,2002,2.5874207,17.199162,5.8995423,10.505615,0,6.2245584,8.3223944,0,0,1,North Carolina,2.7654488,2.7654488
North Carolina,2003,2.5567608,17.196621,5.9242225,10.526213,0,6.2265368,8.3363905,0,0,1,North Carolina,2.7402942,2.7402942
North Carolina,2004,2.5963001,17.214113,5.9641194,10.602617,0,6.2285109,8.3406944,0,0,1,North Carolina,2.691483,2.691483
North Carolina,2005,2.6246686,17.25922,6.0137248,10.646852,0,6.2363696,8.3936691,0,0,1,North Carolina,2.7621062,2.7621062
North Carolina,2006,2.596293,17.231791,6.0735264,10.591622,0,6.2402759,8.4283619,0,0,1,North Carolina,2.7170479,2.7170479
North Carolina,2007,2.5804749,17.29405,6.0844083,10.680746,0,6.2324481,8.4943342,0,0,1,North Carolina,2.7492533,2.7492533
North Carolina,2008,2.4816713,17.253227,6.1104426,10.667326,0,6.2363696,8.5093622,0,0,1,North Carolina,2.6762705,2.6762705
North Carolina,2009,2.2650793,17.089914,6.0683222,10.64328,0,6.2363696,8.5889559,0,0,1,North Carolina,2.5862393,2.5862393
North Carolina,2010,2.3441265,17.198364,6.0818458,10.688074,0,6.2363696,8.5469465,0,0,1,North Carolina,2.5825908,2.5825908
North Carolina,2011,2.2918718,17.017889,6.0942211,10.719073,0,6.2304816,8.5500479,0,0,1,North Carolina,2.5671263,2.5671263
North Carolina,2012,2.1812277,16.854109,6.0982885,10.634653,0,6.2265368,8.5344439,0,0,1,North Carolina,2.5278025,2.5278025
North Carolina,2013,2.1377304,16.768856,6.1138067,10.743761,0,6.2265368,8.5514011,0,0,1,North Carolina,2.4711256,2.4711256
North Carolina,2014,2.1635766,16.787941,6.1361127,10.753211,0,6.2285109,8.5342474,0,0,1,North Carolina,2.4325922,2.4325922
North Carolina,2015,2.0810287,16.567015,6.163518,10.835651,0,6.2225761,8.5765934,0,0,1,North Carolina,2.402266,2.402266
North Dakota,2001,1.8906572,17.02614,3.2152653,10.485424,0,6.3952618,8.2011118,0,0,1,North Dakota,1.7215267,1.7215267
North Dakota,2002,1.7779284,17.04423,3.2692192,10.496815,0,6.4134588,8.3228798,0,0,1,North Dakota,1.7122571,1.7122571
North Dakota,2003,1.8705597,17.041281,3.3275652,10.606833,0,6.418365,8.3192301,0,0,1,North Dakota,1.6826856,1.6826856
North Dakota,2004,1.7634598,16.989998,3.3422997,10.576942,0,6.3985949,8.3811445,0,0,1,North Dakota,1.6460588,1.6460588
North Dakota,2005,1.7626612,17.046993,3.3791289,10.649939,0,6.4052286,8.5330667,0,0,1,North Dakota,1.7404872,1.7404872
North Dakota,2006,1.8775481,17.005924,3.4206765,10.622546,0,6.4248691,8.5762167,0,0,1,North Dakota,1.6851281,1.6851281
North Dakota,2007,1.9177563,17.019829,3.4664295,10.762361,0,6.3902407,8.5221806,0,0,1,North Dakota,1.679468,1.679468
North Dakota,2008,1.882241,17.030109,3.5338733,10.812351,0,6.403574,8.5976667,0,0,1,North Dakota,1.6406984,1.6406984
North Dakota,2009,1.8115903,17.017982,3.5623066,10.821377,1,6.3851943,8.6518993,1.8115903,17.017982,1,North Dakota,1.5885203,1.5885203
North Dakota,2010,2.064131,16.955912,3.6354048,10.839777,1,6.3868794,8.71276,2.064131,16.955912,1,North Dakota,1.6184759,1.6184759
North Dakota,2011,1.9183432,16.9091,3.7457511,10.939515,1,6.4167323,8.7494154,1.9183432,16.9091,1,North Dakota,1.6626027,1.6626027
North Dakota,2012,1.8391544,16.942041,3.9480193,10.928991,1,6.4134588,8.7902689,1.8391544,16.942041,1,North Dakota,1.7380451,1.7380451
North Dakota,2013,1.771264,16.919615,3.9682596,10.987832,1,6.4118185,8.8125458,1.771264,16.919615,1,North Dakota,1.7010297,1.7010297
North Dakota,2014,1.5573163,16.919615,4.0568156,11.014194,1,6.4297194,8.8499441,1.5573163,16.919615,1,North Dakota,1.7003917,1.7003917
North Dakota,2015,1.7255018,16.941664,4.0349908,10.958148,1,6.4101748,8.9449415,1.7255018,16.941664,1,North Dakota,1.7221292,1.7221292
Ohio,2001,2.8141787,17.801418,6.2205257,10.640412,0,6.2897158,8.3957033,0,0,1,Ohio,3.0555871,3.0555871
Ohio,2002,2.7630863,17.839386,6.240696,10.661486,1,6.2915692,8.4516945,2.7630863,17.839386,1,Ohio,3.0141821,3.0141821
Ohio,2003,2.7282054,17.86249,6.2537122,10.680976,1,6.2934194,8.5083542,2.7282054,17.86249,1,Ohio,3.00176,3.00176
Ohio,2004,2.6707196,17.822733,6.2805166,10.67035,0,6.2952662,8.5504341,0,0,1,Ohio,2.9627948,2.9627948
Ohio,2005,2.8304033,17.903288,6.3025618,10.69648,0,6.2971091,8.5820446,0,0,1,Ohio,3.0236657,3.0236657
Ohio,2006,2.6002996,17.886318,6.3017101,10.734221,0,6.2989492,8.6213732,0,0,1,Ohio,2.9453113,2.9453113
Ohio,2007,2.700985,17.900681,6.3039536,10.801615,0,6.2952662,8.648221,0,0,1,Ohio,2.9576836,2.9576836
Ohio,2008,2.5664322,17.89226,6.2862291,10.756413,0,6.2989492,8.6845703,0,0,1,Ohio,2.8833203,2.8833203
Ohio,2009,2.4707577,17.749224,6.2365193,10.733785,0,6.302619,8.712924,0,0,1,Ohio,2.7771397,2.7771397
Ohio,2010,2.5480356,17.79915,6.2614522,10.734002,0,6.3062754,8.7667065,0,0,1,Ohio,2.8051624,2.8051624
Ohio,2011,2.4376445,17.689619,6.2937522,10.70661,0,6.300786,8.7769384,0,0,1,Ohio,2.8181922,2.8181922
Ohio,2012,2.3723946,17.429644,6.3021426,10.700544,0,6.3135481,8.7709045,0,0,1,Ohio,2.7586422,2.7586422
Ohio,2013,2.3311651,17.519835,6.321147,10.834667,0,6.3207684,8.7699728,0,0,1,Ohio,2.7205598,2.7205598
Ohio,2014,2.3281257,17.46402,6.3529391,10.812552,0,6.331502,8.8112049,0,0,1,Ohio,2.6970601,2.6970601
Ohio,2015,2.2493491,17.233831,6.3610477,10.883692,0,6.3332796,8.8328791,0,0,1,Ohio,2.6528485,2.6528485
Oklahoma,2001,2.4102335,16.835945,4.8589687,10.480382,0,6.329721,8.1556492,0,0,1,Oklahoma,2.3241444,2.3241444
Oklahoma,2002,2.3512275,16.877253,4.8774338,10.503971,0,6.331502,8.1886892,0,0,1,Oklahoma,2.2750599,2.2750599
Oklahoma,2003,2.3618948,16.887299,4.8934813,10.488493,0,6.331502,8.1684866,0,0,1,Oklahoma,2.2425733,2.2425733
Oklahoma,2004,2.3000755,16.825825,4.9279547,10.586837,0,6.338594,8.1582298,0,0,1,Oklahoma,2.1723449,2.1723449
Oklahoma,2005,2.4209826,16.904358,4.9661336,10.536088,0,6.3332796,8.2308435,0,0,1,Oklahoma,2.2624061,2.2624061
Oklahoma,2006,2.2639573,16.868967,5.0295076,10.567206,0,6.3526292,8.2776661,0,0,1,Oklahoma,2.2097197,2.2097197
Oklahoma,2007,2.442451,16.838249,5.0512619,10.674059,0,6.3473892,8.3679972,0,0,1,Oklahoma,2.2375336,2.2375336
Oklahoma,2008,2.3259795,16.904591,5.0899825,10.738785,0,6.3491392,8.3966064,0,0,1,Oklahoma,2.1792378,2.1792378
Oklahoma,2009,2.3345919,16.858089,5.0757461,10.733785,0,6.3473892,8.4136086,0,0,1,Oklahoma,2.0954547,2.0954547
Oklahoma,2010,2.2874129,16.77887,5.0786939,10.671278,0,6.3421216,8.4263926,0,0,1,Oklahoma,2.0912199,2.0912199
Oklahoma,2011,2.3656852,16.874546,5.1139569,10.788494,0,6.3368258,8.374938,0,0,1,Oklahoma,2.0972896,2.0972896
Oklahoma,2012,2.2722273,16.723356,5.1640682,10.787461,0,6.338594,8.3705473,0,0,1,Oklahoma,2.0701716,2.0701716
Oklahoma,2013,2.231061,16.74905,5.1800904,10.739869,0,6.3438807,8.384347,0,0,1,Oklahoma,2.0503712,2.0503712
Oklahoma,2014,2.1929083,16.746315,5.24365,10.762149,0,6.3473892,8.3916302,0,0,1,Oklahoma,2.0306642,2.0306642
Oklahoma,2015,2.0726349,16.565771,5.2835689,10.759604,0,6.3438807,8.4004345,0,0,1,Oklahoma,2.0122395,2.0122395
Oregon,2001,2.094981,14.727988,4.9138756,10.627892,0,6.2653012,8.3947992,0,0,1,Oregon,2.0859013,2.0859013
Oregon,2002,2.2159853,14.583124,4.9339881,10.640652,0,6.2690964,8.4096079,0,0,1,Oregon,2.0054383,2.0054383
Oregon,2003,2.0172505,14.744885,4.9753728,10.636817,0,6.2672005,8.3979588,0,0,1,Oregon,2.0066352,2.0066352
Oregon,2004,2.1293654,14.546229,5.0238876,10.621083,0,6.2690964,8.4189186,0,0,1,Oregon,1.946556,1.946556
Oregon,2005,2.0699506,14.558935,5.0636287,10.695575,0,6.2690964,8.4644251,0,0,1,Oregon,2.0020666,2.0020666
Oregon,2006,2.0074046,14.186426,5.1126332,10.759816,0,6.2709885,8.5318851,0,0,1,Oregon,1.8954157,1.8954157
Oregon,2007,2.0116305,14.762209,5.1297512,10.824567,1,6.2653012,8.5667448,2.0116305,14.762209,1,Oregon,2.0002744,2.0002744
Oregon,2008,2.0884252,14.683459,5.156745,10.853793,1,6.2672005,8.6276608,2.0884252,14.683459,1,Oregon,1.9305999,1.9305999
Oregon,2009,2.0514331,14.432878,5.1091356,10.801615,0,6.2633982,8.6294498,0,0,1,Oregon,1.8048719,1.8048719
Oregon,2010,1.8084531,14.698078,5.1312823,10.831707,1,6.2614918,8.5972977,1.8084531,14.698078,1,Oregon,1.8330603,1.8330603
Oregon,2011,1.9605942,14.501269,5.1580877,10.849919,1,6.2557502,8.6208324,1.9605942,14.501269,1,Oregon,1.8289225,1.8289225
Oregon,2012,1.9286605,14.274914,5.1625605,10.854759,1,6.2595816,8.6141386,1.9286605,14.274914,1,Oregon,1.7711792,1.7711792
Oregon,2013,2.170002,14.596204,5.1701078,10.799576,0,6.253829,8.5794163,0,0,1,Oregon,1.7780375,1.7780375
Oregon,2014,1.9162129,14.432582,5.1997151,10.983256,1,6.2576675,8.6633692,1.9162129,14.432582,1,Oregon,1.7232189,1.7232189
Oregon,2015,2.0133328,14.152452,5.2467422,11.015839,1,6.2557502,8.7153883,2.0133328,14.152452,1,Oregon,1.701488,1.701488
Pennsylvania,2001,2.7617109,17.713383,6.3049254,10.680516,1,6.212606,8.5422764,2.7617109,17.713383,1,Pennsylvania,3.1159346,3.1159346
Pennsylvania,2002,2.6933167,17.724724,6.3190689,10.657259,1,6.2146082,8.5788527,2.6933167,17.724724,1,Pennsylvania,3.0680976,3.0680976
Pennsylvania,2003,2.6997852,17.74588,6.3425479,10.667326,0,6.2186003,8.6228132,0,0,1,Pennsylvania,3.0567889,3.0567889
Pennsylvania,2004,2.6481183,17.760927,6.3704629,10.694442,0,6.2186003,8.6976795,0,0,1,Pennsylvania,3.031599,3.031599
Pennsylvania,2005,2.7251821,17.813055,6.3883181,10.742897,0,6.2205901,8.7503662,0,0,1,Pennsylvania,3.0901618,3.0901618
Pennsylvania,2006,2.6307113,17.839718,6.3922844,10.788907,1,6.2146082,8.7927017,2.6307113,17.839718,1,Pennsylvania,3.0200348,3.0200348
Pennsylvania,2007,2.677984,17.835714,6.4253712,10.788081,0,6.212606,8.8050756,0,0,1,Pennsylvania,3.0464265,3.0464265
Pennsylvania,2008,2.5830297,17.804401,6.445415,10.847393,1,6.2166061,8.8722067,2.5830297,17.804401,1,Pennsylvania,2.9789965,2.9789965
Pennsylvania,2009,2.4673176,17.704317,6.4137015,10.782492,0,6.2166061,8.9142227,0,0,1,Pennsylvania,2.8962457,2.8962457
Pennsylvania,2010,2.478946,17.745144,6.4421043,10.785394,0,6.2166061,8.9589262,0,0,1,Pennsylvania,2.9210727,2.9210727
Pennsylvania,2011,2.4421537,17.674187,6.4569488,10.817977,0,6.2166061,8.9896936,0,0,1,Pennsylvania,2.9313531,2.9313531
Pennsylvania,2012,2.3841438,17.543667,6.4737763,10.857074,1,6.2166061,8.9863214,2.3841438,17.543667,1,Pennsylvania,2.8891821,2.8891821
Pennsylvania,2013,2.3497579,17.552994,6.486053,10.917994,1,6.2225761,9.0211153,2.3497579,17.552994,1,Pennsylvania,2.8574138,2.8574138
Pennsylvania,2014,2.3545048,17.461153,6.5067449,10.918175,1,6.2225761,9.0488796,2.3545048,17.461153,1,Pennsylvania,2.8169734,2.8169734
Pennsylvania,2015,2.3356528,17.262037,6.525713,11.008579,1,6.2225761,9.0889635,2.3356528,17.262037,1,Pennsylvania,2.7848148,2.7848148
South Carolina,2001,2.5654631,16.48152,5.017385,10.538476,0,6.1903152,8.2860174,0,0,1,South Carolina,2.3662696,2.3662696
South Carolina,2002,2.5242977,16.4786,5.0451984,10.540329,0,6.2005091,8.3487749,0,0,1,South Carolina,2.3264618,2.3264618
South Carolina,2003,2.5011005,16.50429,5.0830755,10.557894,0,6.2065759,8.3426018,0,0,1,South Carolina,2.3048024,2.3048024
South Carolina,2004,2.5783601,16.560019,5.1003747,10.563336,0,6.2045579,8.3596029,0,0,1,South Carolina,2.2663622,2.2663622
South Carolina,2005,2.6262956,16.575048,5.1327848,10.602368,0,6.212606,8.4040241,0,0,1,South Carolina,2.3237822,2.3237822
South Carolina,2006,2.6224341,16.573063,5.1554332,10.58709,0,6.2105999,8.4612579,0,0,1,South Carolina,2.2696142,2.2696142
South Carolina,2007,2.546891,16.620329,5.1844463,10.696706,0,6.2065759,8.4980106,0,0,1,South Carolina,2.2948022,2.2948022
South Carolina,2008,2.4474032,16.641554,5.1737037,10.649227,0,6.20859,8.5504341,0,0,1,South Carolina,2.2329302,2.2329302
South Carolina,2009,2.3015966,16.459627,5.1290216,10.623763,0,6.2065759,8.5809193,0,0,1,South Carolina,2.1239645,2.1239645
South Carolina,2010,2.357163,16.550617,5.1482558,10.638256,0,6.2045579,8.5627403,0,0,1,South Carolina,2.1314757,2.1314757
South Carolina,2011,2.3323104,16.452417,5.1709566,10.598633,0,6.1944056,8.5334606,0,0,1,South Carolina,2.1317353,2.1317353
South Carolina,2012,2.2344203,16.271486,5.1796355,10.700994,0,6.1903152,8.5463638,0,0,1,South Carolina,2.0754087,2.0754087
South Carolina,2013,2.1366639,16.115423,5.1978426,10.681894,0,6.1882639,8.5816689,0,0,1,South Carolina,2.0322185,2.0322185
South Carolina,2014,2.1683517,16.283337,5.2256761,10.712861,0,6.1944056,8.5947094,0,0,1,South Carolina,2.0246012,2.0246012
South Carolina,2015,2.0764074,16.043016,5.2575989,10.744192,0,6.1882639,8.5985889,0,0,1,South Carolina,1.9880177,1.9880177
South Dakota,2001,2.0440171,14.609229,3.3828704,10.58835,0,6.3664703,8.2082195,0,0,1,South Dakota,1.4148695,1.4148695
South Dakota,2002,1.9915538,14.533781,3.4899681,10.541915,0,6.3733196,8.2435455,0,0,1,South Dakota,1.3932592,1.3932592
South Dakota,2003,2.0569007,14.591956,3.4958739,10.584562,0,6.3767271,8.2521858,0,0,1,South Dakota,1.3651617,1.3651617
South Dakota,2004,2.0529699,14.660501,3.5342586,10.624006,0,6.3919172,8.3253059,0,0,1,South Dakota,1.3498558,1.3498558
South Dakota,2005,2.1159484,14.446855,3.5791259,10.672438,0,6.3784261,8.3744764,0,0,1,South Dakota,1.3782473,1.3782473
South Dakota,2006,2.0901132,14.539935,3.5932162,10.723927,0,6.403574,8.4131651,0,0,1,South Dakota,1.3201257,1.3201257
South Dakota,2007,2.06146,14.340625,3.6311417,10.745485,0,6.4002576,8.4514809,0,0,1,South Dakota,1.3243545,1.3243545
South Dakota,2008,2.0101795,14.6739,3.6656313,10.851277,1,6.3902407,8.5083542,2.0101795,14.6739,1,South Dakota,1.3075402,1.3075402
South Dakota,2009,1.946613,14.560603,3.6885619,10.732695,0,6.3969297,8.5087576,0,0,1,South Dakota,1.2384739,1.2384739
South Dakota,2010,1.9901726,14.587401,3.698077,10.722165,0,6.401917,8.5917435,0,0,1,South Dakota,1.2675705,1.2675705
South Dakota,2011,1.8649437,14.385332,3.7623506,10.762573,0,6.3818159,8.5720596,0,0,1,South Dakota,1.2608473,1.2608473
South Dakota,2012,1.9388604,14.483413,3.7819486,10.80811,0,6.4134588,8.5277376,0,0,1,South Dakota,1.240221,1.240221
South Dakota,2013,2.0097418,14.429112,3.787534,10.885754,0,6.3985949,8.5285292,0,0,1,South Dakota,1.1834564,1.1834564
South Dakota,2014,1.7409692,14.392332,3.8032455,10.87899,0,6.4118185,8.5730066,0,0,1,South Dakota,1.1554383,1.1554383
South Dakota,2015,1.8486817,13.805438,3.8213212,10.916361,0,6.3919172,8.5801678,0,0,1,South Dakota,1.0619088,1.0619088
Tennessee,2001,2.7052207,17.013662,5.4525928,10.485145,0,6.3153582,8.2063103,0,0,1,Tennessee,2.5986285,2.5986285
Tennessee,2002,2.6380601,17.019466,5.4846797,10.519484,0,6.3189683,8.2630749,0,0,1,Tennessee,2.5555508,2.5555508
Tennessee,2003,2.659529,16.959208,5.5174279,10.532629,0,6.3279366,8.2771578,0,0,1,Tennessee,2.5259759,2.5259759
Tennessee,2004,2.5886903,17.027658,5.562808,10.547182,0,6.3225651,8.329175,0,0,1,Tennessee,2.5101585,2.5101585
Tennessee,2005,2.7081928,17.078169,5.5924473,10.581775,0,6.3332796,8.3943472,0,0,1,Tennessee,2.5788689,2.5788689
Tennessee,2006,2.6375551,17.119318,5.6163316,10.613738,0,6.3438807,8.4122772,0,0,1,Tennessee,2.5129812,2.5129812
Tennessee,2007,2.6498013,17.124168,5.610292,10.626194,0,6.3438807,8.4222231,0,0,1,Tennessee,2.5228045,2.5228045
Tennessee,2008,2.5269442,17.097637,5.6152101,10.589107,0,6.3456364,8.5041075,0,0,1,Tennessee,2.4677503,2.4677503
Tennessee,2009,2.3779423,16.783985,5.5787373,10.609551,0,6.3368258,8.5203876,0,0,1,Tennessee,2.3317215,2.3317215
Tennessee,2010,2.5229108,16.841877,5.5926638,10.560748,0,6.3473892,8.5391502,0,0,1,Tennessee,2.3522785,2.3522785
Tennessee,2011,2.4955156,16.809601,5.6236501,10.652069,0,6.3421216,8.5928574,0,0,1,Tennessee,2.3739173,2.3739173
Tennessee,2012,2.4077954,16.675777,5.6571851,10.668956,0,6.3456364,8.5552597,0,0,1,Tennessee,2.3301029,2.3301029
Tennessee,2013,2.2536528,16.630075,5.6691723,10.677293,0,6.3438807,8.5737629,0,0,1,Tennessee,2.2920005,2.2920005
Tennessee,2014,2.2265503,16.700504,5.6840219,10.685561,0,6.3456364,8.5829811,0,0,1,Tennessee,2.2666054,2.2666054
Tennessee,2015,2.1580076,16.521336,5.7186193,10.764899,0,6.3526292,8.5896997,0,0,1,Tennessee,2.2346187,2.2346187
Texas,2001,2.3796883,18.342047,6.9280849,10.617907,0,6.212606,8.2819767,0,0,1,Texas,3.3812265,3.3812265
Texas,2002,2.3761518,18.376444,6.9503999,10.600378,0,6.2146082,8.3160553,0,0,1,Texas,3.3384831,3.3384831
Texas,2003,2.4405951,18.42337,6.9571257,10.578217,0,6.2146082,8.3679972,0,0,1,Texas,3.331286,3.331286
Texas,2004,2.3986895,18.438158,7.0116439,10.631036,0,6.212606,8.3696213,0,0,1,Texas,3.2901437,3.2901437
Texas,2005,2.4260225,18.432936,7.039988,10.631519,0,6.2186003,8.3719358,0,0,1,Texas,3.3349833,3.3349833
Texas,2006,2.3535452,18.417284,7.1135879,10.676139,0,6.2265368,8.4002094,0,0,1,Texas,3.2816391,3.2816391
Texas,2007,2.3612237,18.449421,7.1594419,10.737483,0,6.2285109,8.4495564,0,0,1,Texas,3.3216093,3.3216093
Texas,2008,2.3104565,18.438913,7.1562457,10.746992,0,6.2245584,8.5157919,0,0,1,Texas,3.2545998,3.2545998
Texas,2009,2.2381392,18.373659,7.1525002,10.768064,0,6.2265368,8.5444193,0,0,1,Texas,3.1722517,3.1722517
Texas,2010,2.2242095,18.423489,7.1777539,10.763631,0,6.2245584,8.5771589,0,0,1,Texas,3.1944377,3.1944377
Texas,2011,2.3066306,18.516886,7.2105231,10.800595,0,6.2186003,8.558527,0,0,1,Texas,3.2202532,3.2202532
Texas,2012,2.2526855,18.393362,7.259243,10.857652,1,6.212606,8.4867344,2.2526855,18.393362,1,Texas,3.1678364,3.1678364
Texas,2013,2.2030418,18.445244,7.302968,10.847588,0,6.212606,8.4914646,0,0,1,Texas,3.1549194,3.1549194
Texas,2014,2.1939261,18.43712,7.3327727,10.894515,1,6.2045579,8.5307016,2.1939261,18.43712,1,Texas,3.1278358,3.1278358
Texas,2015,2.1521046,18.278877,7.3814406,10.941464,0,6.1862087,8.566555,0,0,1,Texas,3.1179547,3.1179547
Utah,2001,2.334842,16.517256,4.5385675,10.765111,1,6.3456364,8.0143356,2.334842,16.517256,1,Utah,2.0684416,2.0684416
Utah,2002,2.3641274,16.565567,4.5579014,10.776035,1,6.3261495,8.0699682,2.3641274,16.565567,1,Utah,2.0295076,2.0295076
Utah,2003,2.0713875,16.606808,4.5748892,10.805274,1,6.3261495,8.0401249,2.0713875,16.606808,1,Utah,1.9930106,1.9930106
Utah,2004,2.4357955,16.625299,4.6332397,10.837029,1,6.3207684,8.062748,2.4357955,16.625299,1,Utah,1.9633219,1.9633219
Utah,2005,2.2542722,16.655642,4.700902,10.911628,1,6.3225651,8.1022835,2.2542722,16.655642,1,Utah,2.0305336,2.0305336
Utah,2006,2.1778548,16.625477,4.7747636,10.908339,1,6.3225651,8.1469984,2.1778548,16.625477,1,Utah,1.9867154,1.9867154
Utah,2007,2.3546069,16.624462,4.8189526,10.887998,1,6.3207684,8.1903543,2.3546069,16.624462,1,Utah,2.0302148,2.0302148
Utah,2008,2.297709,16.644398,4.8220983,11.043562,1,6.3225651,8.2651358,2.297709,16.644398,1,Utah,1.9532338,1.9532338
Utah,2009,2.2961636,16.583416,4.7993493,10.976611,1,6.3243589,8.3605394,2.2961636,16.583416,1,Utah,1.8967906,1.8967906
Utah,2010,2.1540415,16.538986,4.8194923,10.94553,1,6.3261495,8.3318272,2.1540415,16.538986,1,Utah,1.8872936,1.8872936
Utah,2011,2.0201666,16.523891,4.8519716,10.923958,1,6.3261495,8.3111525,2.0201666,16.523891,1,Utah,1.9040486,1.9040486
Utah,2012,2.0085449,16.460543,4.8637776,10.974043,1,6.338594,8.3189859,2.0085449,16.460543,1,Utah,1.8719552,1.8719552
Utah,2013,2.3761449,16.558197,4.8911977,11.019448,1,6.338594,8.3109064,2.3761449,16.558197,1,Utah,1.8480029,1.8480029
Utah,2014,1.9456279,16.527716,4.9199347,11.056904,1,6.3421216,8.3294172,1.9456279,16.527716,1,Utah,1.8119639,1.8119639
Utah,2015,1.9172857,16.495184,4.9538569,11.101341,1,6.3543701,8.3579626,1.9172857,16.495184,1,Utah,1.8131189,1.8131189
Virginia,2001,2.6279123,16.55167,5.8877726,10.824567,1,6.2166061,8.4102755,2.6279123,16.55167,1,Virginia,2.7183254,2.7183254
Virginia,2002,2.5862961,16.550953,5.8997121,10.812351,1,6.2265368,8.4381504,2.5862961,16.550953,1,Virginia,2.6636186,2.6636186
Virginia,2003,2.5701063,16.536861,5.9341631,10.91108,1,6.2344108,8.4782448,2.5701063,16.536861,1,Virginia,2.6382017,2.6382017
Virginia,2004,2.5780983,16.51565,5.9736605,10.842322,1,6.2324481,8.5249634,2.5780983,16.51565,1,Virginia,2.6162605,2.6162605
Virginia,2005,2.6181848,16.518183,6.0212288,10.857266,1,6.2422233,8.6031876,2.6181848,16.518183,1,Virginia,2.6915646,2.6915646
Virginia,2006,2.5422001,16.468348,6.0399466,10.952909,1,6.2402759,8.6637144,2.5422001,16.468348,1,Virginia,2.6148026,2.6148026
Virginia,2007,2.5349627,16.517723,6.0519466,10.988001,1,6.2363696,8.7408171,2.5349627,16.517723,1,Virginia,2.6562786,2.6562786
Virginia,2008,2.4151554,16.408411,6.0666108,11.034728,1,6.2383246,8.7798653,2.4151554,16.408411,1,Virginia,2.5680184,2.5680184
Virginia,2009,2.2183208,16.195295,6.0583024,11.010399,1,6.2383246,8.799511,2.2183208,16.195295,1,Virginia,2.4651208,2.4651208
Virginia,2010,2.3055522,16.209545,6.0895944,11.008247,1,6.2383246,8.7738485,2.3055522,16.209545,1,Virginia,2.4658103,2.4658103
Virginia,2011,2.2165558,15.990131,6.0964732,11.04484,1,6.2324481,8.7454433,2.2165558,15.990131,1,Virginia,2.4317818,2.4317818
Virginia,2012,2.1273053,15.686805,6.1002598,11.076434,1,6.2383246,8.7730751,2.1273053,15.686805,1,Virginia,2.3694019,2.3694019
Virginia,2013,2.0530818,16.104946,6.1071649,11.096045,1,6.2422233,8.805975,2.0530818,16.104946,1,Virginia,2.4015172,2.4015172
Virginia,2014,2.0522776,16.068121,6.1040745,11.099832,1,6.2441669,8.8002644,2.0522776,16.068121,1,Virginia,2.3490183,2.3490183
Virginia,2015,2.0346091,15.890058,6.1206541,11.026629,1,6.2461066,8.8303967,2.0346091,15.890058,1,Virginia,2.3379922,2.3379922
Washington,2001,2.2305098,15.607505,5.7159543,10.657024,1,6.2672005,8.2957983,2.2305098,15.607505,1,Washington,2.4968305,2.4968305
Washington,2002,2.2349613,15.627975,5.7287455,10.71841,1,6.2709885,8.3402176,2.2349613,15.627975,1,Washington,2.4408755,2.4408755
Washington,2003,2.1393805,15.804861,5.7447848,10.768696,1,6.2766433,8.3703156,2.1393805,15.804861,1,Washington,2.440145,2.440145
Washington,2004,2.1352367,15.743916,5.7678485,10.818177,1,6.2747622,8.3898144,2.1352367,15.743916,1,Washington,2.3813994,2.3813994
Washington,2005,2.0620956,15.760791,5.8302035,10.832694,1,6.280396,8.4314175,2.0620956,15.760791,1,Washington,2.4532583,2.4532583
Washington,2006,2.0417762,15.232499,5.8672142,10.909985,1,6.2766433,8.4606228,2.0417762,15.232499,1,Washington,2.3049433,2.3049433
Washington,2007,1.9735723,15.552721,5.9220624,10.969577,1,6.2747622,8.5293198,1.9735723,15.552721,1,Washington,2.3977199,2.3977199
Washington,2008,1.9137143,15.567025,5.9435601,10.944294,1,6.2785215,8.5926714,1.9137143,15.567025,1,Washington,2.3478818,2.3478818
Washington,2009,1.9334666,15.419782,5.9138722,11.008579,1,6.2747622,8.6602545,1.9334666,15.419782,1,Washington,2.2494745,2.2494745
Washington,2010,1.7159392,15.560644,5.9427719,10.93596,1,6.2766433,8.653471,1.7159392,15.560644,1,Washington,2.2835131,2.2835131
Washington,2011,1.8371164,15.046484,5.9603486,10.948172,1,6.2709885,8.6678524,1.8371164,15.046484,1,Washington,2.2263386,2.2263386
Washington,2012,1.8835527,14.732677,5.9927902,11.03795,1,6.2728772,8.6321278,1.8835527,14.732677,1,Washington,2.1459997,2.1459997
Washington,2013,1.9492384,15.303581,6.0182862,11.065388,1,6.2595816,8.6358643,1.9492384,15.303581,1,Washington,2.1980395,2.1980395
Washington,2014,1.8338962,15.314003,6.0508356,10.986479,1,6.2499752,8.693161,1.8338962,15.314003,1,Washington,2.1973913,2.1973913
Washington,2015,1.9333159,15.040784,6.0912013,11.116024,1,6.2344108,8.7242069,1.9333159,15.040784,1,Washington,2.1544673,2.1544673
West Virginia,2001,2.7449162,17.30271,4.1242042,10.297892,0,6.2383246,8.4400959,0,0,1,West Virginia,2.2191448,2.2191448
West Virginia,2002,2.7060134,17.448555,4.1404977,10.287389,0,6.2441669,8.4842567,0,0,1,West Virginia,2.192878,2.192878
West Virginia,2003,2.6851239,17.439007,4.1454415,10.396963,0,6.2344108,8.5399323,0,0,1,West Virginia,2.159976,2.159976
West Virginia,2004,2.6471422,17.397818,4.161377,10.415413,0,6.2422233,8.5714922,0,0,1,West Virginia,2.1093321,2.1093321
West Virginia,2005,2.7624774,17.449806,4.1847701,10.503696,0,6.2363696,8.6053867,0,0,1,West Virginia,2.1588101,2.1588101
West Virginia,2006,2.6557341,17.449476,4.2026219,10.556334,0,6.2344108,8.6410027,0,0,1,West Virginia,2.0871069,2.0871069
West Virginia,2007,2.7189319,17.45458,4.2064686,10.647566,0,6.2285109,8.6611204,0,0,1,West Virginia,2.0934124,2.0934124
West Virginia,2008,2.5636511,17.445333,4.2265987,10.545078,0,6.2166061,8.6923227,0,0,1,West Virginia,2.0398772,2.0398772
West Virginia,2009,2.4305613,17.191574,4.2223244,10.60881,0,6.2166061,8.7516327,0,0,1,West Virginia,1.9330267,1.9330267
West Virginia,2010,2.5308583,17.304466,4.2363286,10.663826,0,6.2285109,8.868413,0,0,1,West Virginia,1.9784638,1.9784638
West Virginia,2011,2.4092951,17.278648,4.2536435,10.64113,0,6.2166061,8.8783579,0,0,1,West Virginia,1.9973899,1.9973899
West Virginia,2012,2.3538845,17.202309,4.2530875,10.681665,0,6.2186003,8.8226166,0,0,1,West Virginia,1.9399335,1.9399335
West Virginia,2013,2.2602348,17.219812,4.2563229,10.670582,0,6.2166061,8.7855396,0,0,1,West Virginia,1.8930839,1.8930839
West Virginia,2014,2.2820597,17.277597,4.2560735,10.585321,0,6.2245584,8.7901173,0,0,1,West Virginia,1.8710283,1.8710283
West Virginia,2015,2.2330914,17.155661,4.2579222,10.664761,0,6.20859,8.7923975,0,0,1,West Virginia,1.8333421,1.8333421
Wisconsin,2001,2.4884572,16.996931,5.4642076,10.722165,1,6.3902407,8.5387592,2.4884572,16.996931,1,Wisconsin,2.6726291,2.6726291
Wisconsin,2002,2.4200902,16.9653,5.4829001,10.734221,1,6.3952618,8.5850391,2.4200902,16.9653,1,Wisconsin,2.6184373,2.6184373
Wisconsin,2003,2.3746665,17.006752,5.512485,10.742249,1,6.3868794,8.6244316,2.3746665,17.006752,1,Wisconsin,2.6113997,2.6113997
Wisconsin,2004,2.3073997,17.025406,5.5458312,10.73051,1,6.3902407,8.6443539,2.3073997,17.025406,1,Wisconsin,2.5769448,2.5769448
Wisconsin,2005,2.4852173,17.018858,5.5748067,10.70661,0,6.3952618,8.6996813,0,0,1,Wisconsin,2.6416812,2.6416812
Wisconsin,2006,2.4386661,16.981058,5.5919061,10.85302,1,6.3969297,8.7186632,2.4386661,16.981058,1,Wisconsin,2.5462632,2.5462632
Wisconsin,2007,2.4879525,16.984346,5.598176,10.845057,1,6.3935909,8.7562103,2.4879525,16.984346,1,Wisconsin,2.5720541,2.5720541
Wisconsin,2008,2.4239166,17.023306,5.5858502,10.843494,1,6.403574,8.7887459,2.4239166,17.023306,1,Wisconsin,2.4998102,2.4998102
Wisconsin,2009,2.3212478,16.915579,5.5559058,10.844275,1,6.4101748,8.8314199,2.3212478,16.915579,1,Wisconsin,2.4079711,2.4079711
Wisconsin,2010,2.2740157,16.986591,5.5866146,10.826754,1,6.403574,8.8579416,2.2740157,16.986591,1,Wisconsin,2.4352782,2.4352782
Wisconsin,2011,2.2594616,16.942812,5.6087875,10.860152,1,6.4002576,8.896862,2.2594616,16.942812,1,Wisconsin,2.454926,2.454926
Wisconsin,2012,2.1532845,16.774736,5.624404,10.879556,1,6.4052286,8.8170013,2.1532845,16.774736,1,Wisconsin,2.3854296,2.3854296
Wisconsin,2013,2.0859404,16.979889,5.6276751,10.853793,0,6.403574,8.8119497,0,0,1,Wisconsin,2.3785844,2.3785844
Wisconsin,2014,2.072979,16.871155,5.6489077,10.969577,1,6.4101748,8.8217325,2.072979,16.871155,1,Wisconsin,2.3146462,2.3146462
Wisconsin,2015,1.9175636,16.886312,5.6666932,10.922876,0,6.4052286,8.8336086,0,0,1,Wisconsin,2.3236589,2.3236589
Wyoming,2001,1.8069184,17.080675,3.3717856,10.58961,0,6.300786,8.4633703,0,0,1,Wyoming,1.8589463,1.8589463
Wyoming,2002,1.658268,17.061033,3.3937397,10.590616,0,6.2859979,8.5684566,0,0,1,Wyoming,1.8276842,1.8276842
Wyoming,2003,1.6555713,17.068228,3.4233892,10.65867,0,6.3080983,8.5906296,0,0,1,Wyoming,1.8020939,1.8020939
Wyoming,2004,1.6150324,17.089916,3.456181,10.723268,1,6.302619,8.6195688,1.6150324,17.089916,1,Wyoming,1.7604102,1.7604102
Wyoming,2005,1.5514311,17.076893,3.5110676,10.708176,0,6.2971091,8.704668,0,0,1,Wyoming,1.8424555,1.8424555
Wyoming,2006,1.6771452,17.080126,3.6326635,10.758754,0,6.3189683,8.8208466,0,0,1,Wyoming,1.837412,1.837412
Wyoming,2007,1.6747986,17.095873,3.7045608,10.794255,0,6.3473892,8.9636726,0,0,1,Wyoming,1.9178344,1.9178344
Wyoming,2008,1.6128792,17.107088,3.7581303,10.884441,1,6.3526292,9.0112791,1.6128792,17.107088,1,Wyoming,1.8596395,1.8596395
Wyoming,2009,1.5114281,17.054243,3.7268109,10.867997,1,6.3421216,9.0597496,1.5114281,17.054243,1,Wyoming,1.7795839,1.7795839
Wyoming,2010,1.4747529,17.077517,3.6902936,10.862838,1,6.3403592,9.1050911,1.4747529,17.077517,1,Wyoming,1.7776196,1.7776196
Wyoming,2011,1.4235333,17.038944,3.6830602,10.906139,1,6.3438807,9.143239,1.4235333,17.038944,1,Wyoming,1.7849386,1.7849386
Wyoming,2012,1.6325595,17.083757,3.659847,10.959714,1,6.3613024,9.1548281,1.6325595,17.083757,1,Wyoming,1.7559605,1.7559605
Wyoming,2013,1.3627083,17.144707,3.6596978,11.118994,1,6.3767271,9.1408834,1.3627083,17.144707,1,Wyoming,1.6985492,1.6985492
Wyoming,2014,1.3425844,17.084648,3.6778033,10.927556,1,6.3952618,9.1493158,1.3425844,17.084648,1,Wyoming,1.6816075,1.6816075
Wyoming,2015,1.4046724,17.085556,3.6992803,11.017481,1,6.3733196,9.1644011,1.4046724,17.085556,1,Wyoming,1.6725414,1.6725414
